rank_among_TFs	EGI	coex_score	rank_genomewide	percentile
1	8084681	3.7763	17	0.9992139091833904
2	8057408	2.8681	63	0.9970868399149172
3	110433436	2.6735	79	0.9963469897345788
4	8068166	2.6411	91	0.9957921020993249
5	8079064	2.4627	118	0.9945436049200037
6	8084661	2.3005	154	0.9928789420142421
7	8078009	2.2032	177	0.9918154073800055
8	8069679	2.2032	181	0.9916304448349209
9	8077856	2.187	184	0.9914917229261074
10	110431541	2.0086	257	0.9881161564783132
11	8075586	1.9761	273	0.9873763062979747
12	110437025	1.9275	293	0.9864514935725516
13	8071489	1.9275	299	0.9861740497549246
14	8059164	1.895	316	0.985387958938315
15	8054725	1.8626	334	0.9845556274854342
16	8055926	1.8626	339	0.9843244243040784
17	8059597	1.8464	361	0.983307130306113
18	8078577	1.8464	364	0.9831684083972996
19	8062073	1.814	382	0.9823360769444187
20	110437008	1.7815	428	0.9802090076759457
21	8057477	1.7653	434	0.9799315638583187
22	110436358	1.7653	437	0.9797928419495052
23	8078835	1.7653	446	0.9793766762230648
24	8075201	1.7491	451	0.9791454730417091
25	8054489	1.7491	455	0.9789605104966245
26	8055927	1.7329	461	0.9786830666789975
27	8056409	1.7004	488	0.9774345694996763
28	8058755	1.6842	498	0.9769721631369648
29	8083682	1.6842	503	0.976740959955609
30	8067268	1.6842	504	0.9766947193193378
31	8075875	1.668	525	0.9757236659576436
32	8064947	1.6356	561	0.974059003051882
33	8081142	1.6356	564	0.9739202811430685
34	8062351	1.6356	567	0.973781559234255
35	8072107	1.6193	594	0.9725330620549338
36	8075385	1.6193	601	0.9722093776010358
37	8071726	1.6031	606	0.97197817441968
38	110434506	1.5707	652	0.9698511051512069
39	8075157	1.5382	686	0.9682789235179876
40	8083275	1.5382	708	0.9672616295200221
41	8070788	1.522	722	0.966614260612226
42	8063975	1.4896	772	0.9643022287986682
43	8074593	1.4734	780	0.963932303708499
44	8064787	1.4734	788	0.9635623786183298
45	8074719	1.4734	793	0.963331175436974
46	8057801	1.4572	805	0.9627762878017202
47	8054172	1.4572	812	0.962452603347822
48	110433576	1.4409	834	0.9614353093498567
49	8068151	1.4409	835	0.9613890687135855
50	8062821	1.4409	839	0.9612041061685008
51	8063472	1.4247	850	0.9606954591695182
52	8057680	1.4247	851	0.960649218533247
53	8067884	1.4247	857	0.9603717747156201
54	8061748	1.4247	873	0.9596319245352816
55	8059712	1.4085	897	0.9585221492647739
56	8056016	1.4085	903	0.9582447054471469
57	8071448	1.4085	906	0.9581059835383335
58	8059449	1.3598	968	0.9552390640895219
59	8060431	1.3598	978	0.9547766577268103
60	8082420	1.3598	996	0.9539443262739296
61	8072429	1.3436	1016	0.9530195135485064
62	8078572	1.295	1124	0.9480255248312217
63	8062451	1.295	1131	0.9477018403773236
64	8069258	1.295	1143	0.9471469527420697
65	8075600	1.295	1155	0.9465920651068158
66	8067634	1.2788	1183	0.9452973272912235
67	8084002	1.2788	1184	0.9452510866549524
68	8057082	1.2625	1200	0.9445112364746139
69	8073895	1.2625	1216	0.9437713862942754
70	8055957	1.2463	1237	0.9428003329325811
71	110437489	1.2463	1243	0.9425228891149542
72	8055941	1.2463	1246	0.9423841672061407
73	8082556	1.2301	1289	0.9403958198464811
74	8079825	1.2301	1302	0.9397946915749561
75	8072029	1.2139	1349	0.9376213816702118
76	8063219	1.1977	1385	0.9359567187644502
77	8062592	1.1977	1391	0.9356792749468232
78	8066164	1.1815	1424	0.9341533339498751
79	8071730	1.1815	1426	0.9340608526773329
80	8070623	1.1815	1428	0.9339683714047905
81	8064723	1.1652	1451	0.9329048367705539
82	8083349	1.1652	1453	0.9328123554980117
83	8079173	1.149	1485	0.9313326551373347
84	8064932	1.149	1496	0.930824008138352
85	8060808	1.149	1498	0.9307315268658096
86	8080831	1.149	1505	0.9304078424119115
87	8078579	1.149	1518	0.9298067141403865
88	8056719	1.149	1522	0.9296217515953019
89	8086042	1.149	1530	0.9292518265051327
90	8060845	1.1328	1545	0.9285582169610653
91	8083217	1.1328	1553	0.9281882918708961
92	8080854	1.1328	1563	0.9277258855081846
93	8062618	1.1328	1568	0.9274946823268289
94	8073210	1.1328	1590	0.9264773883288634
95	8082811	1.1166	1599	0.926061222602423
96	8076981	1.1166	1609	0.9255988162397115
97	8065027	1.1004	1658	0.9233330250624249
98	8077550	1.0841	1700	0.9213909183390363
99	8083688	1.0841	1721	0.9204198649773421
100	110433137	1.0841	1731	0.9199574586146305
101	8082252	1.0841	1735	0.9197724960695459
102	8084355	1.0841	1742	0.9194488116156478
103	8073792	1.0841	1744	0.9193563303431055
104	8065849	1.0841	1745	0.9193100897068344
105	8058982	1.0679	1785	0.9174604642559882
106	8080519	1.0517	1833	0.9152409137149727
107	8072434	1.0517	1866	0.9137149727180246
108	8083201	1.0517	1871	0.9134837695366689
109	8060535	1.0517	1881	0.9130213631739572
110	8079506	1.0355	1895	0.9123739942661611
111	8078133	1.0355	1901	0.9120965504485342
112	8054666	1.0355	1909	0.9117266253583649
113	8073714	1.0355	1921	0.9111717377231111
114	8079169	1.0355	1928	0.910848053269213
115	110436172	1.0355	1940	0.9102931656339591
116	8061978	1.0193	1980	0.9084435401831129
117	110436208	1.0193	2014	0.9068713585498936
118	8065521	1.0031	2046	0.9053916581892167
119	8075588	1.0031	2058	0.9048367705539628
120	8073957	1.0031	2066	0.9044668454637936
121	8084856	1.0031	2085	0.9035882733746416
122	8080392	1.0031	2087	0.9034957921020993
123	8074620	0.9868	2096	0.903079626375659
124	8068504	0.9868	2105	0.9026634606492185
125	8084640	0.9868	2129	0.9015536853787108
126	8069684	0.9868	2131	0.9014612041061685
127	8055082	0.9868	2141	0.9009987977434569
128	8078868	0.9868	2142	0.9009525571071858
129	8072366	0.9706	2187	0.8988717284749839
130	8073858	0.9706	2205	0.898039397022103
131	8063318	0.9706	2221	0.8972995468417645
132	8055943	0.9544	2280	0.8945713493017664
133	8060109	0.9382	2314	0.8929991676685471
134	110431210	0.9382	2322	0.8926292425783778
135	8073624	0.9382	2327	0.8923980393970221
136	8054797	0.9382	2344	0.8916119485804125
137	8079362	0.9382	2353	0.891195782853972
138	8080658	0.9382	2357	0.8910108203088875
139	8068427	0.9382	2362	0.8907796171275317
140	8074795	0.9382	2363	0.8907333764912605
141	8073262	0.9382	2389	0.8895311199482105
142	8058971	0.922	2392	0.8893923980393971
143	8073958	0.922	2409	0.8886063072227874
144	8064714	0.922	2411	0.8885138259502451
145	8086415	0.922	2425	0.8878664570424489
146	8073417	0.922	2433	0.8874965319522796
147	110430376	0.922	2436	0.8873578100434663
148	8077571	0.922	2441	0.8871266068621104
149	8061953	0.922	2445	0.8869416443170258
150	8065765	0.9057	2516	0.8836585591417738
151	8067406	0.8895	2542	0.8824563025987238
152	110437477	0.8895	2590	0.8802367520577083
153	8069722	0.8733	2598	0.879866826967539
154	8061344	0.8733	2602	0.8796818644224544
155	8079512	0.8733	2624	0.8786645704244891
156	8084453	0.8733	2641	0.8778784796078793
157	8082166	0.8733	2654	0.8772773513363544
158	8058529	0.8571	2677	0.8762138167021178
159	8079742	0.8571	2690	0.8756126884305928
160	8078874	0.8571	2708	0.874780356977712
161	8073808	0.8571	2723	0.8740867474336447
162	8073956	0.8571	2742	0.8732081753444927
163	8086331	0.8571	2744	0.8731156940719504
164	8062574	0.8571	2751	0.8727920096180524
165	8076618	0.8409	2762	0.8722833626190696
166	8056036	0.8409	2769	0.8719596781651715
167	8057044	0.8409	2773	0.8717747156200869
168	8076384	0.8409	2781	0.8714047905299177
169	8075598	0.8409	2825	0.8693702025339869
170	8085446	0.8409	2831	0.8690927587163599
171	8062365	0.8409	2835	0.8689077961712753
172	8064297	0.8247	2901	0.8658559141773791
173	8067537	0.8247	2904	0.8657171922685656
174	8060514	0.8247	2911	0.8653935078146675
175	8073976	0.8084	2931	0.8644686950892444
176	8064455	0.8084	2962	0.8630352353648386
177	8059948	0.8084	2978	0.8622953851845001
178	8060206	0.8084	2982	0.8621104226394155
179	110434410	0.8084	3007	0.8609544067326367
180	8060819	0.8084	3010	0.8608156848238232
181	8082140	0.7922	3021	0.8603070378248405
182	8067642	0.7922	3033	0.8597521501895866
183	8071217	0.7922	3036	0.8596134282807731
184	8065811	0.7922	3082	0.8574863590123
185	8062507	0.776	3110	0.8561916211967077
186	8074777	0.776	3145	0.8545731989272172
187	8083919	0.7598	3206	0.8517525201146767
188	8076466	0.7598	3208	0.8516600388421345
189	110430048	0.7598	3260	0.8492555257560344
190	8085379	0.7436	3278	0.8484231943031536
191	8066883	0.7436	3284	0.8481457504855267
192	8061001	0.7436	3286	0.8480532692129844
193	110433298	0.7436	3294	0.8476833441228151
194	8078649	0.7436	3328	0.8461111624895958
195	8073204	0.7436	3331	0.8459724405807824
196	8061586	0.7436	3346	0.8452788310367151
197	8062129	0.7436	3349	0.8451401091279016
198	110430297	0.7436	3365	0.8444002589475631
199	8080553	0.7274	3372	0.844076574493665
200	8064504	0.7274	3380	0.8437066494034958
201	110434634	0.7274	3385	0.84347544622214
202	110436938	0.7274	3399	0.8428280773143438
203	8058376	0.7274	3406	0.8425043928604458
204	110431745	0.7274	3419	0.8419032645889207
205	8086191	0.7274	3433	0.8412558956811246
206	8062497	0.7274	3434	0.8412096550448535
207	8067828	0.7111	3459	0.8400536391380745
208	8070637	0.7111	3470	0.8395449921390918
209	8058462	0.7111	3477	0.8392213076851938
210	8056800	0.7111	3480	0.8390825857763803
211	8063743	0.7111	3483	0.8389438638675668
212	8071759	0.7111	3495	0.8383889762323129
213	8077242	0.7111	3505	0.8379265698696015
214	8079857	0.7111	3517	0.8373716822343475
215	8064675	0.7111	3520	0.8372329603255341
216	8076513	0.7111	3524	0.8370479977804495
217	8064722	0.7111	3532	0.8366780726902803
218	8064695	0.7111	3538	0.8364006288726533
219	8080107	0.6949	3577	0.8345972440580782
220	8080711	0.6949	3595	0.8337649126051975
221	8063931	0.6949	3618	0.8327013779709609
222	8074892	0.6949	3636	0.83186904651808
223	8068557	0.6949	3645	0.8314528807916397
224	110432904	0.6949	3653	0.8310829557014705
225	8075606	0.6949	3657	0.8308979931563858
226	8060747	0.6949	3662	0.8306667899750301
227	8083250	0.6949	3663	0.8306205493387588
228	8081994	0.6949	3664	0.8305743087024877
229	8074178	0.6949	3665	0.8305280680662166
230	8078318	0.6787	3709	0.8284934800702858
231	8073365	0.6787	3714	0.8282622768889301
232	8057516	0.6787	3736	0.8272449828909646
233	110433656	0.6787	3746	0.826782576528253
234	8060951	0.6787	3753	0.826458892074355
235	8056325	0.6787	3765	0.8259040044391011
236	8055654	0.6787	3777	0.8253491168038473
237	8062496	0.6625	3789	0.8247942291685934
238	8075205	0.6625	3799	0.8243318228058818
239	8055639	0.6625	3809	0.8238694164431702
240	8068920	0.6625	3842	0.8223434754462221
241	8079894	0.6625	3843	0.822297234809951
242	8069126	0.6625	3852	0.8218810690835106
243	8068029	0.6625	3858	0.8216036252658836
244	8077024	0.6625	3868	0.8211412189031722
245	8082265	0.6463	3893	0.8199852029963932
246	8070886	0.6463	3913	0.8190603902709701
247	8058087	0.6463	3922	0.8186442245445298
248	8058501	0.6463	3965	0.8166558771848701
249	110435602	0.63	3984	0.8157773050957181
250	8072280	0.63	3991	0.81545362064182
251	8070554	0.63	4007	0.8147137704614815
252	8060591	0.63	4012	0.8144825672801258
253	8065953	0.63	4017	0.81425136409877
254	8074481	0.63	4043	0.81304910755572
255	8067679	0.63	4061	0.8122167761028392
256	8076373	0.6138	4087	0.8110145195597891
257	8077243	0.6138	4107	0.810089706834366
258	8058517	0.6138	4109	0.8099972255618237
259	8062495	0.6138	4115	0.8097197817441968
260	8077685	0.6138	4138	0.8086562471099602
261	8060409	0.6138	4145	0.8083325626560621
262	8071623	0.6138	4174	0.8069915842041986
263	8070710	0.5976	4181	0.8066678997503005
264	8075170	0.5976	4215	0.8050957181170812
265	8066098	0.5976	4217	0.805003236844539
266	8057478	0.5976	4218	0.8049569962082679
267	8064668	0.5976	4243	0.8038009803014889
268	8073765	0.5814	4297	0.8013039859428466
269	8061864	0.5814	4313	0.8005641357625081
270	8072765	0.5814	4316	0.8004254138536946
271	8076012	0.5814	4318	0.8003329325811523
272	8071917	0.5814	4338	0.7994081198557292
273	8057656	0.5814	4358	0.7984833071303061
274	8072106	0.5814	4377	0.7976047350411541
275	8067520	0.5814	4378	0.797558494404883
276	8073887	0.5652	4387	0.7971423286784426
277	8055099	0.5652	4392	0.7969111254970869
278	8074545	0.5652	4400	0.7965412004069176
279	8061852	0.5652	4431	0.7951077406825118
280	8078983	0.5652	4445	0.7944603717747156
281	110433186	0.5652	4471	0.7932581152316656
282	8062354	0.549	4532	0.7904374364191251
283	8055799	0.549	4536	0.7902524738740405
284	8060313	0.549	4543	0.7899287894201424
285	8064030	0.549	4544	0.7898825487838712
286	8077047	0.549	4552	0.789512623693702
287	8066652	0.549	4588	0.7878479607879405
288	8076126	0.549	4593	0.7876167576065847
289	8078068	0.549	4599	0.7873393137889577
290	8086215	0.549	4612	0.7867381855174327
291	8085554	0.5327	4646	0.7851660038842134
292	110433470	0.5327	4651	0.7849348007028577
293	8070848	0.5327	4670	0.7840562286137057
294	8079658	0.5327	4676	0.7837787847960788
295	8083047	0.5327	4702	0.7825765282530288
296	8060559	0.5327	4747	0.7804956996208268
297	8085931	0.5165	4785	0.7787385554425229
298	8059423	0.5165	4789	0.7785535928974383
299	8069036	0.5165	4793	0.7783686303523536
300	8081328	0.5165	4815	0.7773513363543882
301	8085828	0.5165	4830	0.776657726810321
302	8073875	0.5165	4842	0.7761028391750671
303	8056229	0.5165	4850	0.7757329140848979
304	8056139	0.5003	4953	0.7709701285489688
305	8081935	0.5003	4962	0.7705539628225284
306	8062379	0.5003	4968	0.7702765190049015
307	8075562	0.5003	5013	0.7681956903726995
308	8084092	0.5003	5021	0.7678257652825303
309	8081987	0.4841	5048	0.766577268103209
310	8068182	0.4841	5059	0.7660686211042264
311	8068198	0.4841	5066	0.7657449366503283
312	8065753	0.4841	5077	0.7652362896513456
313	8072072	0.4841	5084	0.7649126051974475
314	8075852	0.4841	5099	0.7642189956533803
315	8083365	0.4841	5100	0.764172755017109
316	8079394	0.4841	5123	0.7631092203828724
317	8068115	0.4841	5124	0.7630629797466013
318	8074989	0.4841	5133	0.7626468140201609
319	8085503	0.4841	5157	0.7615370387496532
320	8054891	0.4841	5158	0.761490798113382
321	8066201	0.4679	5202	0.7594562101174512
322	8063839	0.4679	5204	0.7593637288449089
323	8058364	0.4679	5219	0.7586701193008416
324	8082148	0.4679	5230	0.7581614723018588
325	8064492	0.4679	5239	0.7577453065754185
326	8059507	0.4679	5256	0.7569592157588089
327	8057714	0.4679	5275	0.7560806436696569
328	8056168	0.4679	5280	0.7558494404883012
329	110431636	0.4679	5292	0.7552945528530473
330	8074282	0.4679	5295	0.7551558309442338
331	8058230	0.4516	5297	0.7550633496716914
332	8054291	0.4516	5315	0.7542310182188107
333	8084427	0.4516	5334	0.7533524461296588
334	8075389	0.4516	5341	0.7530287616757607
335	8076203	0.4516	5342	0.7529825210394895
336	8073158	0.4516	5370	0.7516877832238972
337	8085250	0.4516	5401	0.7502543234994914
338	8061915	0.4516	5431	0.7488671044113566
339	8077633	0.4354	5456	0.7477110885045779
340	8062217	0.4354	5475	0.7468325164154259
341	110433867	0.4354	5542	0.7437343937852585
342	8066851	0.4354	5569	0.7424858966059373
343	8071112	0.4192	5577	0.7421159715157681
344	8085799	0.4192	5626	0.7398501803384814
345	8056535	0.4192	5631	0.7396189771571257
346	8069641	0.4192	5696	0.7366133357995006
347	8081028	0.4192	5698	0.7365208545269584
348	8059180	0.4192	5699	0.7364746138906871
349	8063235	0.4192	5703	0.7362896513456025
350	8061169	0.403	5713	0.735827244982891
351	8078954	0.403	5734	0.7348561916211966
352	8081902	0.403	5752	0.7340238601683159
353	8069747	0.403	5777	0.7328678442615371
354	8062554	0.403	5779	0.7327753629889947
355	8077488	0.403	5783	0.7325904004439101
356	8080837	0.403	5787	0.7324054378988255
357	110430121	0.403	5799	0.7318505502635717
358	8085164	0.403	5801	0.7317580689910292
359	110431059	0.403	5809	0.73138814390086
360	8076148	0.403	5827	0.7305558124479793
361	8070049	0.403	5841	0.7299084435401831
362	8065005	0.403	5844	0.7297697216313697
363	8085988	0.3868	5848	0.729584759086285
364	8057253	0.3868	5882	0.7280125774530657
365	8085254	0.3868	5883	0.7279663368167946
366	8076029	0.3868	5885	0.7278738555442523
367	8078584	0.3868	5918	0.7263479145473042
368	8083938	0.3868	5931	0.7257467862757792
369	8078066	0.3868	5938	0.7254231018218811
370	8056054	0.3868	5954	0.7246832516415426
371	8062443	0.3868	5955	0.7246370110052714
372	110436775	0.3868	5983	0.723342273189679
373	8055599	0.3706	6007	0.7222324979191714
374	8073914	0.3706	6036	0.7208915194673079
375	8056007	0.3706	6072	0.7192268565615463
376	8077654	0.3706	6102	0.7178396374734116
377	8079966	0.3706	6104	0.7177471562008693
378	8075868	0.3543	6171	0.7146490335707019
379	8056131	0.3543	6217	0.7125219643022288
380	8068849	0.3543	6247	0.7111347452140941
381	8065450	0.3543	6280	0.709608804217146
382	8076125	0.3381	6353	0.7062332377693517
383	8060252	0.3381	6357	0.7060482752242672
384	8075933	0.3381	6359	0.7059557939517247
385	8061725	0.3381	6400	0.7040599278646074
386	8067037	0.3219	6462	0.7011930084157958
387	8080057	0.3219	6463	0.7011467677795247
388	8072505	0.3219	6475	0.7005918801442708
389	8074454	0.3219	6477	0.7004993988717285
390	8067064	0.3219	6486	0.7000832331452881
391	8068109	0.3219	6499	0.699482104873763
392	8080509	0.3219	6500	0.6994358642374919
393	8061755	0.3219	6501	0.6993896236012207
394	8055931	0.3219	6565	0.6964302228798669
395	8054187	0.3219	6567	0.6963377416073245
396	8071033	0.3057	6575	0.6959678165171552
397	110430024	0.3057	6636	0.6931471377046148
398	110432943	0.3057	6665	0.6918061592527514
399	8074856	0.3057	6673	0.6914362341625822
400	8078930	0.3057	6683	0.6909738277998705
401	8056356	0.3057	6705	0.6899565338019051
402	8080836	0.3057	6716	0.6894478868029223
403	110430492	0.3057	6720	0.6892629242578379
404	8084306	0.2895	6728	0.6888929991676686
405	8064126	0.2895	6751	0.687829464533432
406	8074464	0.2895	6789	0.6860723203551281
407	8064764	0.2895	6801	0.6855174327198742
408	8067760	0.2895	6822	0.68454637935818
409	8062084	0.2895	6827	0.6843151761768242
410	8085681	0.2895	6833	0.6840377323591973
411	8056578	0.2895	6839	0.6837602885415703
412	8081502	0.2895	6843	0.6835753259964857
413	8061735	0.2895	6846	0.6834366040876723
414	8155407	0.2895	6867	0.682465550725978
415	8082334	0.2733	6899	0.680985850365301
416	8063245	0.2733	6902	0.6808471284564875
417	8082503	0.2733	6947	0.6787662998242856
418	8064417	0.2733	6990	0.6767779524646259
419	110431090	0.2733	7004	0.6761305835568298
420	8083698	0.2733	7014	0.6756681771941182
421	8067022	0.2733	7029	0.6749745676500509
422	8085581	0.2733	7033	0.6747896051049662
423	8058890	0.2733	7045	0.6742347174697123
424	8072684	0.257	7055	0.6737723111070009
425	8083323	0.257	7058	0.6736335891981874
426	8058372	0.257	7059	0.6735873485619162
427	8059375	0.257	7081	0.6725700545639508
428	8057591	0.257	7086	0.672338851382595
429	8062248	0.257	7094	0.6719689262924258
430	8081082	0.257	7111	0.6711828354758161
431	8066825	0.257	7156	0.6691020068436142
432	8076748	0.257	7160	0.6689170442985295
433	8076666	0.257	7168	0.6685471192083603
434	8060491	0.257	7171	0.6684083972995468
435	8083710	0.2408	7176	0.6681771941181911
436	8060611	0.2408	7185	0.6677610283917507
437	8079685	0.2408	7204	0.6668824563025988
438	8082929	0.2408	7259	0.6643392213076852
439	8057535	0.2408	7287	0.6630444834920928
440	110434463	0.2408	7291	0.6628595209470083
441	8067012	0.2408	7306	0.6621659114029409
442	8054264	0.2408	7307	0.6621196707666698
443	8060949	0.2408	7325	0.661287339313789
444	8057272	0.2246	7344	0.660408767224637
445	8082008	0.2246	7362	0.6595764357717562
446	8080477	0.2246	7392	0.6581892166836216
447	8086229	0.2246	7429	0.6564783131415888
448	8069817	0.2246	7469	0.6546286876907426
449	110433924	0.2246	7509	0.6527790622398963
450	8060364	0.2084	7519	0.6523166558771849
451	8061037	0.2084	7539	0.6513918431517618
452	8056047	0.2084	7547	0.6510219180615926
453	8078745	0.2084	7549	0.6509294367890502
454	8079379	0.2084	7560	0.6504207897900676
455	8054189	0.2084	7566	0.6501433459724406
456	8068371	0.2084	7570	0.6499583834273559
457	8085075	0.2084	7608	0.648201239249052
458	8071272	0.2084	7645	0.6464903357070193
459	8081186	0.2084	7654	0.646074169980579
460	8081045	0.2084	7658	0.6458892074354943
461	8084565	0.1922	7682	0.6447794321649866
462	8073322	0.1922	7695	0.6441783038934616
463	8081337	0.1922	7706	0.6436696568944789
464	8079193	0.1922	7712	0.6433922130768519
465	8064724	0.1922	7734	0.6423749190788866
466	8065457	0.1922	7807	0.6389993526310922
467	8059030	0.1922	7820	0.6383982243595672
468	8070371	0.1922	7830	0.6379358179968556
469	8059855	0.1922	7832	0.6378433367243133
470	8062912	0.1922	7841	0.6374271709978729
471	8073915	0.1922	7842	0.6373809303616018
472	8070622	0.1922	7853	0.636872283362619
473	8078145	0.1759	7859	0.6365948395449921
474	8066567	0.1759	7890	0.6351613798205864
475	8070283	0.1759	7892	0.635068898548044
476	8060355	0.1759	7900	0.6346989734578747
477	8082594	0.1759	7910	0.6342365670951633
478	8057150	0.1759	7924	0.633589198187367
479	8068692	0.1759	7932	0.6332192730971978
480	8069839	0.1759	7939	0.6328955886432998
481	8076041	0.1759	7953	0.6322482197355035
482	8068483	0.1759	7962	0.6318320540090632
483	8058913	0.1597	8016	0.6293350596504208
484	8055850	0.1597	8027	0.628826412651438
485	8068101	0.1597	8095	0.6256820493849995
486	8058469	0.1435	8156	0.622861370572459
487	8070015	0.1435	8166	0.6223989642097476
488	8076725	0.1435	8169	0.622260242300934
489	8055267	0.1435	8171	0.6221677610283918
490	110434874	0.1435	8211	0.6203181355775456
491	8062279	0.1435	8233	0.6193008415795802
492	8085925	0.1435	8234	0.619254600943309
493	8070469	0.1273	8305	0.615971515768057
494	8059150	0.1273	8322	0.6151854249514473
495	8071499	0.1273	8381	0.6124572274114493
496	8067627	0.1273	8390	0.6120410616850087
497	8077939	0.1273	8422	0.6105613613243318
498	8083514	0.1273	8428	0.610283917506705
499	8085844	0.1273	8447	0.609405345417553
500	8066431	0.1111	8484	0.6076944418755201
501	8070476	0.1111	8527	0.6057060945158605
502	8082122	0.1111	8544	0.6049200036992509
503	8055257	0.1111	8560	0.6041801535189124
504	8055710	0.1111	8584	0.6030703782484047
505	8078982	0.1111	8613	0.6017293997965412
506	8074410	0.1111	8622	0.6013132340701008
507	8055865	0.0949	8677	0.5987699990751874
508	8078365	0.0949	8687	0.5983075927124757
509	8070110	0.0949	8693	0.5980301488948487
510	8071776	0.0949	8787	0.5936835290853602
511	8074162	0.0786	8818	0.5922500693609545
512	8084562	0.0786	8820	0.5921575880884121
513	8054521	0.0786	8821	0.5921113474521409
514	8073481	0.0786	8845	0.5910015721816333
515	8074564	0.0786	8892	0.588828262276889
516	8082696	0.0786	8910	0.5879959308240081
517	8079264	0.0786	8931	0.5870248774623139
518	8057074	0.0624	8970	0.5852214926477388
519	8065582	0.0624	8971	0.5851752520114677
520	110431645	0.0624	9006	0.5835568297419773
521	110436582	0.0624	9073	0.5804587071118099
522	110432445	0.0624	9087	0.5798113382040138
523	8059204	0.0624	9089	0.5797188569314714
524	8073855	0.0624	9092	0.5795801350226579
525	8066077	0.0462	9136	0.5775455470267271
526	8077335	0.0462	9148	0.5769906593914732
527	8065670	0.0462	9154	0.5767132155738464
528	8070748	0.0462	9163	0.5762970498474058
529	8058970	0.0462	9175	0.575742162212152
530	8061538	0.0462	9196	0.5747711088504578
531	8069915	0.0462	9202	0.5744936650328308
532	8055378	0.0462	9212	0.5740312586701193
533	8077043	0.0462	9214	0.573938777397577
534	8068770	0.0462	9252	0.5721816332192731
535	8064190	0.0462	9271	0.5713030611301211
536	8069712	0.0462	9289	0.5704707296772404
537	8058449	0.0462	9290	0.5704244890409692
538	8055531	0.03	9323	0.5688985480440211
539	8063703	0.03	9324	0.56885230740775
540	8058010	0.03	9345	0.5678812540460556
541	8083360	0.03	9349	0.5676962915009711
542	8064852	0.03	9405	0.5651068158697864
543	8075156	0.03	9412	0.5647831314158882
544	110434932	0.03	9459	0.5626098215111439
545	8085435	0.0138	9461	0.5625173402386017
546	8085964	0.0138	9471	0.5620549338758901
547	8075863	0.0138	9479	0.5616850087857209
548	8057368	0.0138	9488	0.5612688430592805
549	110429775	0.0138	9497	0.5608526773328402
550	8056619	0.0138	9506	0.5604365116063996
551	8059158	0.0138	9513	0.5601128271525015
552	8068362	0.0138	9526	0.5595116988809766
553	8075119	0.0138	9548	0.5584944048830112
554	8060554	0.0138	9549	0.55844816424674
555	8078580	0.0138	9558	0.5580319985202997
556	8058233	0.0138	9575	0.55724590770369
557	8078710	0.0138	9592	0.5564598168870803
558	8055613	-0.0025	9674	0.5526680847128457
559	8061495	-0.0025	9700	0.5514658281697956
560	8082603	-0.0025	9760	0.5486913899935263
561	110436144	-0.0025	9762	0.5485989087209839
562	8080721	-0.0025	9801	0.546795523906409
563	8068183	-0.0025	9820	0.5459169518172571
564	8072504	-0.0025	9837	0.5451308610006473
565	8057259	-0.0187	9844	0.5448071765467493
566	8070136	-0.0187	9850	0.5445297327291223
567	8069381	-0.0187	9853	0.5443910108203089
568	8071916	-0.0187	9858	0.5441598076389531
569	8061805	-0.0187	9880	0.5431425136409878
570	8054868	-0.0187	9881	0.5430962730047165
571	110431897	-0.0187	9901	0.5421714602792934
572	8081019	-0.0187	9907	0.5418940164616666
573	8080395	-0.0187	9917	0.5414316100989549
574	110434646	-0.0187	9978	0.5386109312864145
575	8064615	-0.0187	9985	0.5382872468325164
576	8081931	-0.0187	9989	0.5381022842874318
577	8057783	-0.0187	9994	0.5378710811060761
578	8083335	-0.0187	9996	0.5377785998335337
579	8076977	-0.0187	10008	0.5372237121982799
580	110435678	-0.0349	10047	0.5354203273837048
581	8074450	-0.0349	10049	0.5353278461111625
582	110429792	-0.0349	10059	0.5348654397484509
583	8057846	-0.0349	10098	0.5330620549338758
584	8061989	-0.0349	10135	0.5313511513918432
585	8069252	-0.0349	10180	0.5292703227596411
586	8065614	-0.0349	10181	0.52922408212337
587	8085727	-0.0349	10192	0.5287154351243872
588	8079521	-0.0511	10211	0.5278368630352354
589	8061655	-0.0511	10215	0.5276519004901508
590	8058420	-0.0511	10253	0.5258947563118468
591	8079868	-0.0511	10305	0.5234902432257468
592	8063671	-0.0511	10350	0.5214094145935448
593	8082391	-0.0673	10366	0.5206695644132063
594	8078546	-0.0673	10374	0.520299639323037
595	8072399	-0.0673	10422	0.5180800887820216
596	8063911	-0.0673	10423	0.5180338481457505
597	8078881	-0.0673	10433	0.5175714417830389
598	8071537	-0.0673	10478	0.515490613150837
599	8061826	-0.0673	10485	0.5151669286969389
600	8084155	-0.0673	10487	0.5150744474243966
601	8066575	-0.0673	10493	0.5147970036067696
602	8071483	-0.0673	10511	0.5139646721538889
603	8067036	-0.0673	10526	0.5132710626098216
604	8058691	-0.0673	10529	0.513132340701008
605	8078946	-0.0673	10552	0.5120688060667715
606	8055813	-0.0673	10558	0.5117913622491446
607	8082690	-0.0835	10571	0.5111902339776195
608	8060436	-0.0835	10580	0.5107740682511792
609	8060937	-0.0835	10588	0.5104041431610099
610	8067829	-0.0835	10642	0.5079071488023675
611	8054869	-0.0835	10729	0.503884213446777
612	8084440	-0.0835	10739	0.5034218070840655
613	8072813	-0.0998	10781	0.501479700360677
614	110434014	-0.0998	10801	0.5005548876352539
615	8083691	-0.0998	10805	0.5003699250901692
616	8078918	-0.0998	10818	0.4997687968186443
617	8059025	-0.0998	10821	0.4996300749098308
618	8074465	-0.0998	10833	0.4990751872745769
619	8077835	-0.0998	10836	0.4989364653657634
620	110429790	-0.0998	10852	0.4981966151854249
621	8069671	-0.0998	10883	0.4967631554610191
622	8064032	-0.0998	10911	0.4954684176454268
623	110431042	-0.0998	10935	0.4943586423749191
624	110434161	-0.0998	10942	0.49403495792102103
625	8057377	-0.0998	10958	0.4932951077406825
626	8077628	-0.116	10974	0.492555257560344
627	110433170	-0.116	10977	0.49241653565153054
628	8069770	-0.116	10986	0.4920003699250902
629	8058421	-0.116	10989	0.49186164801627674
630	8070522	-0.116	11000	0.49135300101729396
631	110430143	-0.116	11005	0.49112179783593823
632	8055241	-0.116	11009	0.49093683529085363
633	8054871	-0.116	11023	0.4902894663830575
634	8064849	-0.116	11062	0.4884860815684824
635	8059393	-0.116	11094	0.48700638120780537
636	8057890	-0.116	11095	0.48696014057153425
637	8062825	-0.116	11140	0.4848793119393323
638	8061613	-0.1322	11144	0.4846943493942477
639	8078627	-0.1322	11146	0.48460186812170536
640	8066972	-0.1322	11158	0.48404698048645145
641	8069893	-0.1322	11169	0.4835383334874688
642	8057416	-0.1322	11196	0.4822898363081476
643	8083036	-0.1322	11201	0.48205863312679187
644	8086051	-0.1322	11231	0.4806714140386572
645	8057638	-0.1322	11264	0.47914547304170907
646	8084860	-0.1322	11280	0.47840562286137056
647	8066689	-0.1322	11295	0.4777120133173033
648	8076037	-0.1322	11298	0.4775732914084898
649	8071117	-0.1484	11329	0.476139831684084
650	8081300	-0.1484	11340	0.47563118468510124
651	8071295	-0.1484	11341	0.4755849440488301
652	110437038	-0.1484	11352	0.47507629704984744
653	110429599	-0.1484	11355	0.47493757514103396
654	8065907	-0.1484	11373	0.4741052436881531
655	8073540	-0.1484	11392	0.4732266715990012
656	8083540	-0.1484	11477	0.4692962175159531
657	110436807	-0.1646	11532	0.4667529825210395
658	8086392	-0.1646	11533	0.46670674188476835
659	8060896	-0.1646	11540	0.4663830574308703
660	110434967	-0.1646	11572	0.46490335707019326
661	8080773	-0.1646	11619	0.46273004716544897
662	8055473	-0.1646	11621	0.4626375658929067
663	8067141	-0.1646	11668	0.46046425598816243
664	8079108	-0.1808	11707	0.45866087117358734
665	8069000	-0.1808	11712	0.4584296679922316
666	8058383	-0.1808	11783	0.4551465828169796
667	8059810	-0.1808	11788	0.4549153796356238
668	8060174	-0.1808	11809	0.45394432627392955
669	8072534	-0.1808	11873	0.45098492555257563
670	8067473	-0.1808	11891	0.45015259409969477
671	110436396	-0.1971	11900	0.44973642837325445
672	8062231	-0.1971	11947	0.44756311846851016
673	8065969	-0.1971	12026	0.44391010820308885
674	8077354	-0.1971	12037	0.4434014612041062
675	8073331	-0.1971	12047	0.4429390548413946
676	8072154	-0.1971	12061	0.44229168593359847
677	8055956	-0.2133	12091	0.4409044668454638
678	8081884	-0.2133	12096	0.440673263664108
679	8083495	-0.2133	12100	0.4404883011190234
680	8078473	-0.2133	12111	0.4399796541200407
681	8057369	-0.2133	12113	0.43988717284749834
682	8080272	-0.2133	12115	0.4397946915749561
683	8064667	-0.2133	12139	0.4386849163044484
684	8067527	-0.2133	12161	0.43766762230648293
685	8082423	-0.2133	12162	0.4376213816702118
686	8081324	-0.2133	12170	0.4372514565800425
687	8063702	-0.2133	12173	0.43711273467122913
688	8086015	-0.2133	12184	0.43660408767224634
689	8055653	-0.2133	12191	0.43628040321834827
690	8054206	-0.2133	12196	0.43604920003699255
691	8076068	-0.2133	12201	0.4358179968556367
692	8076888	-0.2133	12204	0.43567927494682324
693	8062364	-0.2133	12214	0.4352168685841117
694	8075538	-0.2133	12221	0.4348931841302136
695	8062869	-0.2295	12263	0.43295107740682515
696	8075663	-0.2295	12289	0.4317488208637751
697	8055800	-0.2295	12309	0.430824008138352
698	8083565	-0.2295	12311	0.4307315268658096
699	8058207	-0.2295	12312	0.4306852862295385
700	8063099	-0.2295	12315	0.430546564320725
701	8070964	-0.2295	12389	0.42712475723665955
702	8075668	-0.2295	12396	0.42680107278276147
703	110434910	-0.2295	12404	0.42643114769259227
704	110434329	-0.2457	12431	0.4251826505132711
705	8086449	-0.2457	12485	0.4226856561546287
706	110429761	-0.2457	12493	0.4223157310644594
707	8061399	-0.2457	12517	0.4212059557939517
708	8075819	-0.2457	12543	0.42000369925090164
709	8060737	-0.2457	12548	0.4197724960695459
710	8077053	-0.2457	12563	0.41907888652547864
711	8067417	-0.2457	12593	0.417691667437344
712	8056613	-0.2457	12604	0.4171830204383612
713	8084966	-0.2457	12609	0.4169518172570055
714	8082443	-0.2457	12614	0.41672061407564964
715	8083274	-0.2457	12617	0.41658189216683617
716	8060849	-0.2457	12622	0.41635068898548044
717	8086285	-0.2619	12637	0.41565707944141317
718	8086194	-0.2619	12660	0.4145935448071766
719	8080093	-0.2619	12754	0.410246924997688
720	8075216	-0.2782	12819	0.40724128364006285
721	8059668	-0.2782	12840	0.4062702302783686
722	8062546	-0.2782	12860	0.4053454175529455
723	110433561	-0.2782	12879	0.40446684546379363
724	8056747	-0.2782	12886	0.40414316100989545
725	8060372	-0.2782	12904	0.4033108295570147
726	8071266	-0.2782	12913	0.40289466383057426
727	8080262	-0.2782	12928	0.402201054286507
728	8084818	-0.2944	12994	0.3991491722926107
729	8055733	-0.2944	13010	0.3984093221122723
730	8065844	-0.2944	13044	0.39683714047905294
731	8079871	-0.2944	13049	0.3966059372976972
732	8059811	-0.2944	13052	0.39646721538888374
733	8082893	-0.2944	13069	0.3956811245722741
734	8074855	-0.2944	13076	0.39535744011837604
735	8084050	-0.2944	13088	0.3948025524831221
736	8055721	-0.2944	13106	0.3939702210302414
737	110433340	-0.2944	13122	0.39323037084990287
738	8062205	-0.2944	13149	0.3919818736705817
739	8079847	-0.3106	13166	0.39119578285397205
740	8077539	-0.3106	13171	0.39096457967261633
741	8055366	-0.3106	13177	0.3906871358549894
742	8084644	-0.3106	13202	0.38953111994821044
743	8073049	-0.3106	13235	0.3880051789512624
744	8079022	-0.3106	13237	0.38791269767872005
745	8058906	-0.3106	13238	0.38786645704244893
746	8083097	-0.3106	13240	0.3877739757699066
747	8073968	-0.3106	13274	0.3862017941366873
748	110431996	-0.3106	13280	0.38592435031906036
749	8080849	-0.3106	13306	0.3847220937760104
750	8057006	-0.3106	13310	0.3845371312309257
751	8056196	-0.3106	13311	0.3844908905946546
752	8080199	-0.3106	13328	0.38370479977804495
753	8070870	-0.3106	13330	0.3836123185055026
754	8059870	-0.3268	13341	0.3831036715065199
755	8065617	-0.3268	13375	0.38153148987330066
756	8064306	-0.3268	13389	0.3808841209655045
757	8085952	-0.3268	13400	0.3803754739665218
758	8081546	-0.3268	13438	0.37861832978821786
759	8082840	-0.3268	13441	0.3784796078794044
760	8074604	-0.3268	13460	0.3776010357902525
761	8054756	-0.3268	13467	0.3772773513363544
762	8060442	-0.3268	13485	0.37644501988347356
763	8069392	-0.3268	13487	0.3763525386109313
764	8079577	-0.3268	13493	0.37607509479330437
765	8068150	-0.3268	13496	0.3759363728844909
766	8062228	-0.343	13539	0.3739480255248312
767	8055191	-0.343	13573	0.37237584389161194
768	110434480	-0.343	13587	0.3717284749838158
769	8054531	-0.343	13662	0.3682604272634792
770	8078083	-0.343	13668	0.36798298344585223
771	8074659	-0.3592	13706	0.36622583926754837
772	8065099	-0.3592	13712	0.3659483954499214
773	110434681	-0.3592	13714	0.36585591417737906
774	8058075	-0.3592	13736	0.3648386201794137
775	8083941	-0.3592	13745	0.3644224544529733
776	8080415	-0.3592	13750	0.36419125127161744
777	8069635	-0.3592	13761	0.36368260427263477
778	110430358	-0.3592	13768	0.3633589198187367
779	8068943	-0.3592	13785	0.36257282900212706
780	8059417	-0.3592	13796	0.3620641820031444
781	8071748	-0.3755	13871	0.3585961342828077
782	8070663	-0.3755	13913	0.3566540275594192
783	8075454	-0.3755	13920	0.35633034310552114
784	110432817	-0.3755	13935	0.35563673356145376
785	8054108	-0.3755	13958	0.3545731989272173
786	8055487	-0.3755	13960	0.3544807176546749
787	8064702	-0.3755	13968	0.3541107925645057
788	110434878	-0.3755	13995	0.35286229538518454
789	8071259	-0.3755	14020	0.3517062794784056
790	8059026	-0.3917	14082	0.34883936002959404
791	8066610	-0.3917	14085	0.34870063812078056
792	110434003	-0.3917	14098	0.34809950984925553
793	8078622	-0.3917	14154	0.3455100342180708
794	8078865	-0.3917	14157	0.34537131230925733
795	8071350	-0.3917	14161	0.34518634976417273
796	8060408	-0.3917	14187	0.3439840932211228
797	8065113	-0.4079	14212	0.34282807731434384
798	8070815	-0.4079	14230	0.3419957458614631
799	8064699	-0.4079	14231	0.34194950522519185
800	8065852	-0.4079	14250	0.34107093313604
801	8082009	-0.4079	14270	0.34014612041061687
802	8054870	-0.4079	14282	0.33959123277536296
803	110432018	-0.4079	14302	0.33866642004993985
804	8086050	-0.4079	14304	0.3385739387773976
805	8060732	-0.4079	14315	0.3380652917784148
806	8080111	-0.4079	14322	0.33774160732451675
807	8079408	-0.4079	14327	0.337510404143161
808	8070203	-0.4079	14338	0.33700175714417835
809	8057183	-0.4241	14384	0.3348746878757052
810	8066410	-0.4241	14398	0.334227318967909
811	110433107	-0.4241	14422	0.3331175436974013
812	8055008	-0.4241	14464	0.33117543697401275
813	8059440	-0.4241	14479	0.3304818274299455
814	8070755	-0.4241	14483	0.33029686488486076
815	8074587	-0.4403	14517	0.3287246832516415
816	8078942	-0.4403	14535	0.32789235179876075
817	8079605	-0.4403	14551	0.32715250161842224
818	8078955	-0.4403	14558	0.32682881716452417
819	8084840	-0.4403	14569	0.3263201701655415
820	8072206	-0.4403	14574	0.32608896698418566
821	110429794	-0.4403	14583	0.32567280125774534
822	8081697	-0.4403	14613	0.3242855821696107
823	8083363	-0.4403	14652	0.3224821973550356
824	8066377	-0.4403	14658	0.32220475353740863
825	8078744	-0.4403	14667	0.3217885878109683
826	8081225	-0.4403	14676	0.3213724220845279
827	8078684	-0.4566	14708	0.31989272172385097
828	8074300	-0.4566	14714	0.319615277906224
829	110429633	-0.4566	14724	0.31915287154351246
830	8066257	-0.4566	14725	0.31910663090724123
831	8082250	-0.4566	14735	0.3186442245445298
832	8055845	-0.4566	14741	0.31836678072690283
833	8082339	-0.4566	14744	0.31822805881808935
834	8078076	-0.4566	14748	0.31804309627300476
835	8085160	-0.4566	14782	0.3164709146397855
836	8073155	-0.4566	14806	0.3153611393692777
837	8068916	-0.4566	14809	0.3152224174604643
838	8069969	-0.4566	14837	0.3139276796448719
839	8077483	-0.4728	14858	0.31295662628317766
840	8062383	-0.4728	14874	0.31221677610283916
841	8083695	-0.4728	14889	0.3115231665587719
842	8083816	-0.4728	14918	0.31018218810690834
843	8059809	-0.4728	14930	0.30962730047165454
844	8059988	-0.4728	14982	0.3072227873855544
845	8056349	-0.4728	14993	0.30671414038657174
846	8063857	-0.4728	14998	0.3064829372052159
847	8085914	-0.489	15024	0.30528068066216596
848	8073087	-0.489	15033	0.30486451493572553
849	8055301	-0.489	15048	0.30417090539165814
850	8078345	-0.489	15055	0.30384722093776007
851	8059799	-0.489	15096	0.30195135485064273
852	110433282	-0.489	15122	0.30074909830759267
853	8083415	-0.489	15148	0.2995468417645427
854	8056366	-0.5052	15171	0.29848330713030613
855	8067662	-0.5052	15180	0.2980671414038657
856	8065451	-0.5052	15183	0.2979284194950522
857	8056732	-0.5052	15190	0.29760473504115414
858	8067752	-0.5052	15220	0.2962175159530195
859	8083194	-0.5052	15221	0.29617127531674836
860	8054578	-0.5052	15261	0.29432164986590215
861	8080794	-0.5052	15269	0.29395172477573295
862	8067798	-0.5052	15279	0.2934893184130214
863	8079806	-0.5052	15280	0.29344307777675016
864	8059323	-0.5214	15302	0.2924257837787848
865	8070167	-0.5214	15332	0.29103856469065015
866	8078889	-0.5214	15383	0.28868029224082126
867	8063514	-0.5214	15413	0.2872930731526866
868	8079279	-0.5214	15418	0.28706186997133076
869	8074212	-0.5214	15442	0.28595209470082306
870	8056337	-0.5376	15461	0.2850735226116712
871	8057357	-0.5376	15478	0.28428743179506155
872	8074146	-0.5376	15482	0.28410246924997684
873	8056432	-0.5376	15487	0.2838712660686211
874	8059967	-0.5376	15509	0.28285397207065566
875	8063947	-0.5376	15520	0.282345325071673
876	110430291	-0.5376	15565	0.28026449643947104
877	8061067	-0.5376	15583	0.2794321649865902
878	8085123	-0.5376	15603	0.2785073522611671
879	8085272	-0.5539	15712	0.2734671229076112
880	8083331	-0.5539	15722	0.27300471654489966
881	8061020	-0.5539	15723	0.27295847590862854
882	8081882	-0.5539	15738	0.27226486636456115
883	8077658	-0.5539	15755	0.2714787755479515
884	8055635	-0.5701	15790	0.26986035327846114
885	8080341	-0.5701	15804	0.269212984370665
886	8055143	-0.5701	15811	0.2688892999167668
887	8063531	-0.5701	15859	0.2666697493757514
888	8071417	-0.5701	15887	0.2653750115601591
889	8077964	-0.5701	15892	0.26514380837880325
890	8082971	-0.5701	15898	0.2648663645611764
891	8071890	-0.5863	15928	0.26347914547304174
892	8080034	-0.5863	15942	0.2628317765652456
893	8059898	-0.5863	15964	0.2618144825672801
894	8070352	-0.5863	15966	0.26172200129473777
895	8064231	-0.5863	15967	0.26167576065846665
896	8067514	-0.5863	15981	0.2610283917506705
897	8084320	-0.5863	15986	0.26079718856931466
898	8076992	-0.5863	16026	0.25894756311846856
899	8064560	-0.6025	16071	0.2568667344862665
900	8060745	-0.6025	16076	0.2566355313049108
901	8070661	-0.6025	16109	0.25510959030796265
902	8081260	-0.6025	16129	0.25418477758253955
903	110429610	-0.6025	16159	0.2527975584944049
904	8081254	-0.6025	16178	0.2519189864052529
905	8079807	-0.6187	16231	0.24946823268288176
906	8055367	-0.6187	16251	0.24854341995745866
907	8057250	-0.6187	16255	0.24835845741237395
908	8066609	-0.6187	16266	0.24784981041339127
909	110433963	-0.6187	16308	0.2459077036900028
910	8073221	-0.6187	16317	0.24549153796356238
911	8056725	-0.6187	16327	0.24502913160085082
912	110434350	-0.6349	16356	0.24368815314898729
913	8058413	-0.6349	16399	0.2416998057893277
914	8069951	-0.6349	16450	0.2393415333394987
915	8054749	-0.6349	16456	0.23906408952187186
916	8057072	-0.6349	16485	0.23772311107000832
917	8074857	-0.6512	16562	0.23416258207712937
918	8076033	-0.6512	16594	0.23268288171645246
919	8084351	-0.6512	16606	0.23212799408119855
920	8055331	-0.6674	16640	0.2305558124479793
921	8077453	-0.6674	16671	0.2291223527235735
922	8055382	-0.6674	16678	0.22879866826967543
923	8054148	-0.6674	16686	0.22842874317950612
924	8075125	-0.6674	16703	0.2276426523628965
925	8080554	-0.6674	16715	0.2270877647276427
926	8086399	-0.6674	16730	0.2263941551835753
927	8072153	-0.6674	16743	0.22579302691205028
928	8077012	-0.6674	16757	0.22514565800425412
929	8059188	-0.6836	16794	0.22343475446222139
930	8056614	-0.6836	16832	0.22167761028391753
931	8055351	-0.6836	16838	0.22140016646629057
932	8074594	-0.6836	16849	0.2208915194673079
933	8063325	-0.6836	16862	0.22029039119578286
934	8083962	-0.6836	16873	0.2197817441968002
935	8080015	-0.6998	16880	0.2194580597429021
936	8077968	-0.6998	16905	0.21830204383612317
937	8066871	-0.6998	16910	0.21807084065476745
938	8054321	-0.6998	16948	0.21631369647646348
939	8077030	-0.716	16997	0.21404790529917694
940	110431154	-0.716	17013	0.21330805511883844
941	8065585	-0.716	17016	0.21316933321002496
942	8064208	-0.716	17022	0.212891889392398
943	8085389	-0.716	17028	0.21261444557477116
944	8072077	-0.716	17041	0.21201331730324613
945	8071273	-0.716	17044	0.21187459539443265
946	8065905	-0.716	17062	0.2110422639415518
947	110432823	-0.716	17094	0.20956256358087488
948	8070306	-0.716	17119	0.20840654767409594
949	8060330	-0.716	17128	0.20799038194765562
950	8069966	-0.7323	17208	0.2042911310459632
951	110435509	-0.7323	17219	0.20378248404698052
952	8060932	-0.7323	17233	0.20313511513918436
953	8080743	-0.7323	17246	0.20253398686765933
954	8076377	-0.7485	17294	0.2003144363266438
955	8056485	-0.7485	17307	0.1997133080551189
956	8077652	-0.7485	17310	0.1995745861463054
957	110435797	-0.7485	17339	0.19823360769444187
958	8069118	-0.7485	17376	0.19652270415240913
959	8057730	-0.7647	17389	0.1959215758808841
960	8073359	-0.7647	17462	0.19254600943308975
961	8069061	-0.7647	17478	0.19180615925275135
962	8059916	-0.7809	17518	0.18995653380190514
963	8057261	-0.7809	17524	0.18967908998427818
964	8082176	-0.7809	17533	0.18926292425783775
965	8060542	-0.7809	17554	0.18829187089614352
966	8063355	-0.7809	17560	0.18801442707851657
967	8058045	-0.7809	17561	0.18796818644224544
968	8070962	-0.7971	17635	0.18454637935817997
969	8055644	-0.7971	17681	0.1824193100897068
970	8076216	-0.7971	17720	0.18061592527513182
971	8063745	-0.8133	17768	0.1783963747341163
972	8080455	-0.8133	17779	0.17788772773513362
973	8068003	-0.8133	17785	0.17761028391750666
974	8072276	-0.8133	17787	0.17751780264496442
975	8058354	-0.8133	17796	0.17710163691852399
976	8085252	-0.8133	17823	0.1758531397392028
977	110433908	-0.8133	17832	0.17543697401276237
978	8069197	-0.8133	17853	0.17446592065106814
979	8065464	-0.8296	17881	0.17317118283547583
980	8066792	-0.8296	17900	0.17229261074632385
981	8068935	-0.8458	17980	0.16859335984463142
982	8079424	-0.8458	17983	0.16845463793581805
983	8066249	-0.8458	17990	0.16813095348191986
984	8076554	-0.8458	18023	0.16660501248497184
985	8057673	-0.8458	18030	0.16628132803107376
986	8068350	-0.8458	18047	0.16549523721446402
987	8073468	-0.862	18122	0.16202718949412742
988	8083263	-0.862	18124	0.16193470822158518
989	8085124	-0.862	18139	0.1612410986775178
990	8056462	-0.862	18174	0.1596226764080274
991	8084855	-0.862	18193	0.15874410431887542
992	110429986	-0.862	18194	0.1586978636826043
993	8073072	-0.862	18197	0.15855914177379082
994	8081753	-0.862	18202	0.158327938592435
995	8055973	-0.862	18205	0.15818921668362151
996	8085817	-0.8782	18217	0.15763432904836772
997	8079812	-0.8782	18228	0.15712568204938504
998	110436327	-0.8782	18236	0.15675575695921573
999	8061564	-0.8782	18247	0.15624710996023305
1000	8085287	-0.8782	18304	0.1536113936927772
1001	8064020	-0.8782	18316	0.1530565060575233
1002	8070158	-0.8944	18323	0.15273282160362522
1003	8063213	-0.8944	18336	0.1521316933321003
1004	8065733	-0.8944	18347	0.15162304633311752
1005	110430820	-0.8944	18357	0.15116063997040596
1006	8071095	-0.8944	18362	0.15092943678905024
1007	8064276	-0.8944	18373	0.15042078979006757
1008	8070251	-0.8944	18376	0.1502820678812541
1009	8086035	-0.9107	18406	0.14889484879311943
1010	110435841	-0.9107	18408	0.14880236752057707
1011	8078623	-0.9107	18420	0.14824747988532327
1012	8084396	-0.9107	18443	0.1471839452510867
1013	8084674	-0.9107	18449	0.14690650143345974
1014	8086395	-0.9107	18489	0.14505687598261352
1015	8058227	-0.9107	18504	0.14436326643854624
1016	8078489	-0.9107	18523	0.14348469434939426
1017	8067578	-0.9269	18532	0.14306852862295383
1018	8068649	-0.9269	18535	0.14292980671414035
1019	8057552	-0.9269	18543	0.14255988162397115
1020	8056590	-0.9269	18557	0.141912512716175
1021	8080851	-0.9269	18606	0.13964672153888835
1022	8082468	-0.9269	18613	0.13932303708499028
1023	8073936	-0.9431	18674	0.13650235827244983
1024	8063503	-0.9431	18678	0.13631739572736523
1025	110433966	-0.9593	18755	0.13275686673448628
1026	8066274	-0.9593	18759	0.13257190418940168
1027	8057899	-0.9593	18767	0.13220197909923237
1028	8069067	-0.9593	18778	0.1316933321002497
1029	8082592	-0.9593	18791	0.13109220382872466
1030	8080344	-0.9593	18794	0.13095348191991119
1031	8081034	-0.9593	18807	0.13035235364838615
1032	8083208	-0.9593	18820	0.12975122537686123
1033	8057758	-0.9755	18836	0.12901137519652273
1034	8070669	-0.9755	18853	0.1282252843799131
1035	8054970	-0.9755	18856	0.12808656247109962
1036	8085134	-0.9755	18879	0.12702302783686303
1037	8054657	-0.9917	18909	0.12563580874872837
1038	8080505	-0.9917	18923	0.12498843984093222
1039	8075101	-0.9917	18957	0.12341625820771296
1040	8059617	-0.9917	18963	0.123138814390086
1041	8060682	-0.9917	18972	0.12272264866364557
1042	8058064	-0.9917	18973	0.12267640802737445
1043	8080870	-0.9917	18989	0.12193655784703594
1044	8065368	-1.008	18998	0.12152039212059562
1045	8056866	-1.008	19021	0.12045685748635904
1046	8079826	-1.008	19063	0.11851475076297047
1047	8074451	-1.008	19083	0.11758993803754736
1048	110436951	-1.008	19090	0.11726625358364928
1049	8060596	-1.0242	19103	0.11666512531212425
1050	8072075	-1.0242	19107	0.11648016276703965
1051	8081906	-1.0242	19169	0.11361324331822809
1052	110434489	-1.0242	19181	0.11305835568297418
1053	8079913	-1.0404	19230	0.11079256450568764
1054	8084761	-1.0404	19240	0.11033015814297609
1055	8063283	-1.0404	19246	0.11005271432534913
1056	8078470	-1.0566	19259	0.1094515860538241
1057	8078093	-1.0566	19271	0.10889669841857019
1058	8060437	-1.0566	19309	0.10713955424026633
1059	8081049	-1.0728	19337	0.10584481642467403
1060	8070009	-1.0728	19379	0.10390270970128546
1061	8064025	-1.0728	19408	0.10256173124942203
1062	8070824	-1.0728	19421	0.101960602977897
1063	8055879	-1.089	19445	0.10085082770738929
1064	110437035	-1.1053	19505	0.09807638953111997
1065	8075807	-1.1053	19520	0.09738277998705258
1066	8062952	-1.1215	19574	0.09488578562841021
1067	8073212	-1.1215	19589	0.09419217608434294
1068	8060322	-1.1215	19608	0.09331360399519095
1069	8065503	-1.1215	19627	0.09243503190603908
1070	8075570	-1.1377	19666	0.09063164709146398
1071	8077850	-1.1377	19680	0.08998427818366783
1072	110430629	-1.1377	19681	0.0899380375473966
1073	110429687	-1.1377	19684	0.08979931563858323
1074	8056604	-1.1377	19685	0.089753075002312
1075	8064490	-1.1539	19785	0.08512901137519657
1076	8068888	-1.1539	19786	0.08508277073892534
1077	8056354	-1.1539	19792	0.08480532692129839
1078	8060303	-1.1701	19803	0.08429667992231571
1079	8073582	-1.1701	19813	0.08383427355960416
1080	8059961	-1.1864	19866	0.08138351983723291
1081	8061113	-1.1864	19882	0.08064366965689451
1082	8078936	-1.1864	19925	0.07865532229723482
1083	8086037	-1.2026	19930	0.07842411911587899
1084	110437395	-1.2026	19954	0.07731434384537128
1085	8070281	-1.2026	19973	0.0764357717562194
1086	110435301	-1.2188	20021	0.07421622121520388
1087	8077703	-1.2188	20023	0.07412373994266164
1088	8056470	-1.2188	20041	0.07329140848978077
1089	8082890	-1.235	20085	0.07125682049384996
1090	8061133	-1.235	20115	0.0698696014057153
1091	110434655	-1.2512	20150	0.06825117913622492
1092	8079845	-1.2512	20151	0.0682049384999538
1093	8064686	-1.2512	20162	0.067696291500971
1094	8084341	-1.2512	20168	0.06741884768334416
1095	8155742	-1.2512	20193	0.06626283177656522
1096	8056771	-1.2512	20198	0.0660316285952095
1097	8077373	-1.2512	20201	0.06589290668639602
1098	8077265	-1.2999	20340	0.059465458244705394
1099	8085397	-1.2999	20348	0.059095533154536195
1100	8069083	-1.3161	20397	0.05682974197724966
1101	8058265	-1.3323	20434	0.05511883843521692
1102	8054388	-1.3323	20445	0.054610191436234135
1103	8068838	-1.3323	20452	0.05428650698233606
1104	8063887	-1.3485	20494	0.0523444002589476
1105	8067619	-1.3648	20506	0.05178951262369369
1106	110436795	-1.3648	20528	0.05077221862572834
1107	8085025	-1.381	20603	0.04730417090539163
1108	8060198	-1.3972	20628	0.0461481549986128
1109	8064022	-1.3972	20630	0.046055673726070445
1110	8085866	-1.4134	20679	0.04378988254878391
1111	8074672	-1.4296	20703	0.0426801072782762
1112	8056074	-1.4296	20723	0.041755294552853095
1113	8080240	-1.4296	20724	0.04170905391658186
1114	8082835	-1.4458	20735	0.041200406917599186
1115	8078432	-1.4458	20740	0.040969203736243465
1116	8074482	-1.4458	20752	0.040414316100989556
1117	8083533	-1.4458	20755	0.04027559419217608
1118	8062929	-1.4621	20773	0.039443262739295326
1119	8068982	-1.4621	20777	0.03925830019421073
1120	8076679	-1.4783	20835	0.03657634329048365
1121	110436805	-1.4945	20856	0.03560528992878942
1122	8076127	-1.4945	20867	0.03509664292980674
1123	8079479	-1.5107	20884	0.03431055211319711
1124	8084184	-1.5431	20946	0.031443632664385435
1125	8084362	-1.5431	20954	0.031073707574216236
1126	8077118	-1.5431	20955	0.031027466937945114
1127	8080545	-1.5594	20982	0.02977896975862393
1128	8064312	-1.5756	21007	0.02862295385184499
1129	8084460	-1.6242	21113	0.02372144640710261
1130	8064257	-1.6405	21140	0.022472949227781425
1131	8085469	-1.6567	21151	0.021964302228798638
1132	8064173	-1.6729	21175	0.02085452695829093
1133	8074021	-1.6729	21177	0.020762045685748687
1134	8060168	-1.6729	21180	0.02062332377693521
1135	8081711	-1.754	21279	0.016045500786090794
1136	8063399	-1.7702	21304	0.014889484879311965
1137	110430962	-1.7702	21307	0.014750762970498488
1138	8078088	-1.7864	21318	0.014242115971515812
1139	110430900	-1.8189	21360	0.012300009248127242
1140	8070284	-1.8513	21378	0.01146767779524649
1141	8061841	-1.8513	21390	0.01091279015999258
1142	8084151	-1.9648	21461	0.007629704984740582
1143	110433899	-1.9648	21472	0.007121057985757906
1144	8057324	-1.9972	21482	0.006658651623046352
1145	8057326	-1.9972	21483	0.00661241098677523
1146	8076375	-2.0297	21490	0.0062887265328770425
1147	8076161	-2.0297	21498	0.005918801442707844
1148	8061366	-2.0783	21512	0.005271432534911691
1149	8083191	-2.0946	21519	0.004947748081013614
1150	8070665	-2.1919	21551	0.003468047720336598
1151	8064058	-2.2405	21560	0.003051881993896277
1152	8076665	-2.2405	21564	0.002866919448811567
1153	8062560	-2.4513	21603	0.0010635346342365848
1154	8080833	-2.6946	21619	0.00032368445389807654
