gene_id,n_supporting_contrasts,mean_methyl_diff
LOC8058048,1,-0.748798861954383
LOC110436238,1,-0.692810753904493
LOC110433864,1,-0.646673734092288
LOC8083747,1,-0.590963170764597
LOC8064193,1,-0.53415976255691
LOC8061075,1,-0.527613189436646
LOC8068993,1,-0.527613189436646
LOC8068380,1,-0.526788701453883
LOC8070710,1,-0.521012955902437
LOC8056817,1,-0.517006048105297
LOC110429766,1,-0.51421105898326
LOC8074345,1,-0.497769115338706
LOC110430404,1,-0.494990300750163
LOC110429883,1,-0.492273795043996
LOC8057327,1,-0.483475543644167
LOC110429841,1,-0.483447013519716
LOC110429838,1,-0.483447013519716
LOC110431777,1,-0.48015779838597
LOC110432799,1,-0.48015779838597
LOC8056008,1,-0.4729900260434
LOC8070166,1,-0.466637601758898
LOC8058377,1,-0.462119627748175
LOC110429938,1,-0.460273241610023
LOC8070429,1,-0.459033222686035
LOC8069217,1,-0.451493487700501
LOC8060616,1,-0.451315923064203
LOC8060615,1,-0.451315923064203
LOC8056982,1,-0.443076655077282
LOC8055843,1,-0.439889601077332
LOC110430152,1,-0.434223527849841
LOC110431245,1,-0.430238425989421
LOC8085867,1,-0.426231310711475
LOC8063063,1,-0.423997063893859
LOC110434023,1,-0.422090596216698
LOC8081156,1,-0.417722124849978
LOC8057811,1,-0.416277178114122
LOC8073710,1,-0.415128823536426
LOC8060174,1,-0.409898310942102
LOC110436437,1,-0.406784622063479
LOC110432936,2,-0.40326889597206494
LOC8054543,1,-0.396271760134174
LOC8063697,1,-0.393433962873104
LOC8083545,1,-0.392973830002629
LOC8071544,1,-0.392380485593271
LOC8072662,1,-0.390958329515406
LOC8077906,1,-0.390864331991875
LOC8070530,1,-0.390131640618007
LOC110435965,1,-0.389948360210856
LOC8054122,1,-0.387802843747219
LOC8061471,1,-0.386430507117477
LOC110429808,1,-0.385154999518675
LOC8081494,1,-0.384902035329692
LOC8068348,1,-0.384456947566847
LOC110435246,1,-0.384456947566847
LOC8084838,1,-0.383229366033294
LOC8056670,1,-0.381560848984534
LOC110436165,1,-0.381316881521021
LOC8086217,1,-0.380837283450649
LOC110430137,1,-0.379821618287474
LOC8056199,1,-0.37976533321939
LOC110435611,1,-0.37921245341413
LOC110429941,1,-0.377110386603109
LOC8079882,1,-0.377110386603109
LOC8085703,1,-0.376540841899083
LOC110436843,1,-0.374507204180145
LOC8063333,2,-0.37337057883957303
LOC8066281,1,-0.373225614164387
LOC8074420,1,-0.367648441379103
LOC8072146,1,-0.366984121824295
LOC110437206,1,-0.363988097580071
LOC8078338,1,-0.36333832155199
LOC8078744,1,-0.363202381531947
LOC110434833,1,-0.362756298826571
LOC8065332,1,-0.362648953329814
LOC8080542,1,-0.361600135842951
LOC8065132,1,-0.360811470876393
LOC8071286,1,-0.360049588532437
LOC8058749,1,-0.359861851636668
LOC110435046,1,-0.359164575078343
LOC8075487,1,-0.359136813362078
LOC8077876,1,-0.357860646753722
LOC8078360,1,-0.356590360922756
LOC110436604,1,-0.355127746396124
LOC8057654,1,-0.35509078319149
LOC110437469,1,-0.35509078319149
LOC8083048,1,-0.354615112561254
LOC8064622,1,-0.354323179138363
LOC110435896,1,-0.354201363232492
LOC8070082,1,-0.354178983668339
LOC8068511,1,-0.353959825725202
LOC8066070,1,-0.353477105782895
LOC110435405,1,-0.353437688384757
LOC110430090,1,-0.353047257935982
LOC8076145,1,-0.352887635205002
LOC8068177,1,-0.351298592904688
LOC8067095,1,-0.350056645591423
LOC8067218,1,-0.348130511560282
LOC110431012,1,-0.346433591818669
LOC8155417,1,-0.346114117159008
LOC8073844,1,-0.345371699824851
LOC110431956,2,-0.3425144947697865
LOC110433393,1,-0.340838985068653
LOC8060576,1,-0.339058990083849
LOC110434802,1,-0.337949209216981
LOC8064003,1,-0.336427971115194
LOC8082175,1,-0.33623964575632
LOC8065615,1,-0.33603393485759
LOC110433087,1,-0.335704306768947
LOC8082643,1,-0.335482276949049
LOC8074886,1,-0.334940631358541
LOC8067234,1,-0.334573304293767
LOC8056463,1,-0.334483742314212
LOC8062093,1,-0.33373399915189
LOC110432756,1,-0.33290094622501
LOC110433454,1,-0.332748351677112
LOC8072411,1,-0.332748351677112
LOC8074797,1,-0.331692662192138
LOC110430891,1,-0.331406511886155
LOC8086010,1,-0.330432494017791
LOC8062229,1,-0.330077472908283
LOC8061616,1,-0.329861289251049
LOC110431228,1,-0.329861289251049
LOC8071983,1,-0.32783872497607
LOC8085771,1,-0.327076638815644
LOC8066327,1,-0.325732001400109
LOC110435655,1,-0.32557346027714
LOC8057045,1,-0.32552878494737
LOC8059476,1,-0.32489639260561
LOC8062103,1,-0.321657302995113
LOC8077309,1,-0.321638130347134
LOC8080584,1,-0.32122968008394
LOC8061989,1,-0.32100579636847
LOC8079974,1,-0.319992870825164
LOC110434813,1,-0.319757914822713
LOC110434351,1,-0.319757914822713
LOC8064596,1,-0.319437777865749
LOC8080064,1,-0.318732313462095
LOC8062052,1,-0.318072179260444
LOC8076146,1,-0.317880913963711
LOC8062436,1,-0.317443384695378
LOC8082648,1,-0.315941840384198
LOC110434701,1,-0.31509468558176
LOC8065477,1,-0.31417002783714
LOC8071830,1,-0.312082591625812
LOC110437522,1,-0.311749381932113
LOC8083699,1,-0.311716589427493
LOC110432720,1,-0.309632777570468
LOC110431146,1,-0.308857862027548
LOC8059137,1,-0.308209172708426
LOC8075664,1,-0.30788838031865
LOC8075665,1,-0.30788838031865
LOC8060825,1,-0.307819510592816
LOC8073329,1,-0.307819510592816
LOC8060475,1,-0.307621733968457
TRNAR-ACG,1,-0.307550305873629
LOC8057203,1,-0.307179187519138
LOC8080325,1,-0.306866198514891
LOC8072524,1,-0.306146041342802
LOC8086361,1,-0.305965066875267
LOC110436761,1,-0.305673603684259
LOC8081909,1,-0.30502117321222
LOC8080517,2,-0.30438194375342753
LOC8085864,2,-0.304243495462569
LOC110429905,1,-0.304143610890848
LOC8064994,1,-0.303775582507052
LOC8079636,1,-0.303152837662709
LOC8074855,1,-0.303104111185643
LOC8077681,1,-0.302724218685997
LOC8064922,1,-0.302519649277885
LOC8074056,1,-0.302515310321768
LOC110436435,1,-0.301579640006562
LOC110429856,1,-0.301377544336164
LOC8073325,1,-0.301218220524208
LOC8083498,1,-0.301075179440505
LOC8062471,2,-0.3009201150314785
LOC110431167,1,-0.300481362658412
LOC8085509,1,-0.300221841275032
LOC8059455,1,-0.299996108947463
LOC8086169,1,-0.299507053687892
LOC8082497,1,-0.299343552801822
LOC8071808,1,-0.299325938143289
LOC110434899,1,-0.299152809418642
LOC8065124,1,-0.299091778283484
LOC8077874,1,-0.298410063286985
LOC8060071,1,-0.29839071054251
LOC110437670,1,-0.298290399590852
LOC8073377,1,-0.29730212745654
LOC8084599,1,-0.296945973125951
LOC8055495,1,-0.295970381035969
LOC8078636,1,-0.295889459629603
LOC8079764,2,-0.2954629506938915
LOC8072509,1,-0.294893163173422
LOC8080292,1,-0.294768951375431
LOC8080291,1,-0.294768951375431
LOC8054530,1,-0.294051843307762
LOC110435954,1,-0.294023231020246
LOC8083037,1,-0.293617907020245
LOC8081860,1,-0.293574902628376
LOC110431809,1,-0.293101205923386
LOC8066666,1,-0.292711202818763
LOC110433273,1,-0.292535247711655
LOC8065517,1,-0.291322079087497
LOC110435728,1,-0.291204805039391
LOC8067683,1,-0.290968577988807
LOC8078772,1,-0.290957671461449
LOC110430988,1,-0.290358587962953
LOC8078055,1,-0.289722911346653
LOC110431036,1,-0.289438518519482
TRNAH-GUG,1,-0.289438518519482
LOC8059849,1,-0.289435620382227
LOC110434904,1,-0.287695774614726
LOC110435806,1,-0.287446457058791
LOC8061451,1,-0.286901780668704
LOC110434387,1,-0.286694460260591
LOC8075921,3,-0.28653289420065536
LOC8072040,1,-0.28649352582793
LOC8078876,2,-0.2862998728150585
LOC8068526,2,-0.2862342802210135
LOC8084647,1,-0.285099405457511
LOC110436176,1,-0.284829794090599
LOC110437502,1,-0.284815290943874
LOC8070488,1,-0.284018407130738
LOC8070487,1,-0.284018407130738
LOC110430010,1,-0.283943960865677
LOC8066936,1,-0.28385863800778
LOC8057574,1,-0.283822818292953
LOC8063151,1,-0.283678586095002
LOC110434502,1,-0.283674889688303
LOC110435708,1,-0.28352465574236
LOC8080156,1,-0.283273800636682
LOC8073132,1,-0.282508275024859
LOC8057612,1,-0.282315636367725
LOC110433486,1,-0.282281013352644
LOC8057958,1,-0.282269418504055
LOC8083778,1,-0.281947327866086
LOC8069849,1,-0.281708642873116
LOC8055098,1,-0.281292533931232
LOC110436956,1,-0.281266878102108
LOC8085712,1,-0.278609237627581
LOC110434528,1,-0.278429899885149
LOC110433736,1,-0.277953728903077
LOC8054599,1,-0.277310588500162
LOC8084439,1,-0.277266147639231
LOC8071998,1,-0.2771882687931
LOC8076600,1,-0.276429346159949
LOC8063072,1,-0.276003677390651
LOC8058509,1,-0.275900181261701
LOC110436754,1,-0.27556982668903
LOC8085828,1,-0.27548563792766
LOC8077978,2,-0.2749790286913265
LOC8083216,1,-0.274876523037161
LOC110430626,1,-0.27388738706261
LOC8061030,1,-0.273158806218192
LOC8074820,1,-0.273089911036399
LOC8077016,1,-0.272555999896062
LOC8082215,1,-0.272481188778653
LOC8062699,2,-0.2722230416035625
LOC110430333,2,-0.2722230416035625
LOC8083960,1,-0.271646970834945
LOC110431266,1,-0.27129379002904
LOC110429911,1,-0.271108001111777
LOC8074020,1,-0.270637407837888
LOC8076358,2,-0.2705784480983765
LOC8067406,1,-0.270518312405279
LOC8083322,2,-0.270311420968888
LOC110435713,1,-0.270054196028182
LOC8078860,2,-0.2695615964133
LOC110430216,1,-0.269406587416685
LOC110434885,1,-0.268748075581855
LOC8079237,1,-0.268289718773289
LOC8082476,1,-0.268243799509333
LOC8075683,1,-0.267545227848599
LOC8068299,1,-0.266686495965182
LOC8085498,1,-0.265878905633933
LOC110430115,1,-0.265243401093501
LOC8070514,1,-0.26509333584582
LOC8064376,1,-0.264836044150382
LOC8071867,1,-0.264434387538871
LOC110429547,1,-0.264429553469545
LOC110433786,1,-0.263673026222345
LOC8065052,1,-0.263611167386236
LOC8065641,1,-0.263530104335312
LOC8081552,1,-0.262578823043568
LOC110433097,1,-0.262503669846143
LOC8071836,1,-0.262451420416142
LOC8059895,1,-0.262363478879524
LOC8074913,1,-0.262110883780774
LOC110437231,1,-0.261856844503607
LOC110431273,1,-0.261716377676186
LOC8080431,1,-0.261690579877961
LOC8080754,1,-0.261552416467389
LOC8080753,1,-0.261552416467389
LOC8068501,1,-0.261287544577898
LOC110434730,1,-0.261252700525584
LOC8078805,1,-0.261169259947119
LOC8078806,1,-0.261169259947119
LOC8069376,3,-0.26096635953149133
LOC8078810,1,-0.260902766982087
LOC110430095,1,-0.260827958620376
TRNAC-GCA,3,-0.26058505595271536
LOC8058852,1,-0.260449654650464
LOC8084844,1,-0.260292017713497
LOC8084996,1,-0.260172402079266
LOC8082459,1,-0.259463838974709
LOC8072448,1,-0.259184045968203
LOC110437528,1,-0.259105762906799
LOC8071713,1,-0.258997229016593
LOC110433292,1,-0.258706204016945
LOC110437303,1,-0.25864534674978
LOC110432877,1,-0.258540235474468
LOC110433578,1,-0.257966000379939
LOC8074405,1,-0.257853458868695
LOC8072079,1,-0.257817065888038
LOC8072704,1,-0.257690432194389
LOC8077879,1,-0.256860365197833
LOC8084128,1,-0.256789144633478
LOC110433844,1,-0.256138065467356
LOC8063037,2,-0.2550950064248925
LOC8083983,1,-0.255006634450869
LOC8064491,1,-0.254875443451327
LOC8064296,1,-0.254086875021307
LOC8068071,1,-0.253995760899892
LOC110437256,1,-0.253981342837554
LOC8075699,2,-0.2538708760913245
LOC8054651,1,-0.25361541128599
LOC8063797,1,-0.253601226723549
LOC8080263,1,-0.253399847933598
LOC110433377,1,-0.253092669552183
LOC8069423,1,-0.25229398515242
LOC8081390,1,-0.252069516980692
LOC8080301,1,-0.252040833969147
LOC8077531,1,-0.251642288672765
LOC8086342,1,-0.251269556133898
LOC8084334,1,-0.250772615915011
LOC110437173,1,-0.250493302764751
LOC8069531,1,-0.250057800055324
LOC8065267,1,-0.249295120703817
LOC110436126,1,-0.249198759862612
LOC110432170,1,-0.249140280434847
LOC8076398,1,-0.249066501538555
TRNAA-CGC,1,-0.248985685970255
LOC110437121,1,-0.248885861894471
LOC110430614,1,-0.248818552695906
LOC8058180,1,-0.248675467873879
LOC110431234,1,-0.248633210046945
LOC8058789,2,-0.2485787834409895
LOC8083552,1,-0.247657955732369
LOC8065648,1,-0.247049969466781
LOC8055748,1,-0.246853791353406
LOC8073298,1,-0.246808934416725
LOC110431400,1,-0.246762387019707
LOC8065704,1,-0.246348679455168
LOC8065808,1,-0.246220697065155
LOC8067370,1,-0.246187416927108
LOC8075354,2,-0.246112155596906
LOC110434814,1,-0.245971149275459
LOC8073848,1,-0.245927208930876
LOC8071498,1,-0.245911253799753
LOC8079953,1,-0.245901885305835
LOC8054243,1,-0.245808018357165
LOC8071450,3,-0.24569538451349468
LOC110435879,1,-0.245545400853396
LOC8076917,1,-0.245545400853396
LOC8075184,1,-0.245479246871966
LOC8083888,1,-0.245476940677866
LOC8063419,1,-0.245336293787675
LOC110434053,1,-0.245122095241557
LOC8069213,1,-0.244801932298551
LOC110435125,1,-0.244674869228198
LOC8065419,1,-0.244612848612272
LOC110435438,1,-0.24456963855327
LOC8081108,1,-0.244262192278381
LOC8054890,1,-0.243539514080474
LOC8081630,1,-0.24306540407048
LOC8069424,1,-0.24277042509506
LOC110431985,1,-0.242450488784786
LOC110430922,1,-0.242336776152175
LOC110430923,1,-0.242336776152175
LOC110436095,1,-0.24217942186696
LOC110429703,1,-0.242057116399511
LOC8084237,2,-0.241937364524817
LOC8066393,1,-0.241186440745752
LOC8082824,2,-0.24090367276031
LOC110430517,1,-0.240730883655881
LOC8060878,3,-0.24071674343015734
LOC110435060,1,-0.24059297253807
LOC8065404,1,-0.240535608415366
LOC110432707,1,-0.239703114469527
LOC8075615,1,-0.239509605025147
LOC8065435,1,-0.239201178430476
LOC8071795,2,-0.23904109727195
LOC8065947,1,-0.238922602841966
LOC8085241,1,-0.238649564760227
LOC8080009,1,-0.238386077951158
LOC8084356,1,-0.238305647286417
LOC8066704,1,-0.238279027541432
LOC8061426,1,-0.238059541653153
LOC110429848,3,-0.23783762820452867
LOC110429512,1,-0.237672682609984
LOC8065509,1,-0.237554423109719
LOC110429767,1,-0.237527740525386
LOC8062754,1,-0.237323919101169
LOC8057482,1,-0.23669900561666
LOC8084674,1,-0.236520732026273
LOC110436891,1,-0.236274514500829
LOC8078950,1,-0.236253487956143
LOC8078949,1,-0.236253487956143
LOC8062302,1,-0.236232882163375
LOC8069512,2,-0.23618154142402598
LOC8075989,2,-0.23618154142402598
LOC8069931,1,-0.235886207780492
LOC110436221,1,-0.235736937948259
LOC8061076,1,-0.235495670868132
LOC8058239,1,-0.235423258469143
LOC110431005,1,-0.234792569866292
LOC8075963,1,-0.234792358114225
LOC110436450,1,-0.234616493843334
LOC8070976,1,-0.234616493843334
TRNAG-UCC,1,-0.234616493843334
LOC110434068,1,-0.234376284610754
LOC8081292,1,-0.234318036949863
LOC8065482,1,-0.234299656791178
LOC8058533,1,-0.23418642520374
LOC8062350,1,-0.23415952264938
LOC8072222,1,-0.234107318348095
LOC8073003,1,-0.234066942291097
LOC8068983,1,-0.233797881518352
LOC8062257,2,-0.2326545695541755
LOC8055424,1,-0.232507028168307
LOC110431125,1,-0.232468681221891
LOC8063097,3,-0.23216237547144666
LOC8086408,1,-0.232086683288754
LOC8081083,1,-0.231697504687943
LOC110430936,1,-0.231475129502466
LOC8071821,1,-0.231119387485821
LOC8064390,1,-0.231119387485821
LOC8072458,1,-0.230844408141779
LOC8056039,1,-0.230729316973215
LOC8069829,1,-0.23046423445255
LOC8071074,1,-0.230376207684902
LOC8060456,1,-0.230376207684902
LOC110437023,1,-0.230344754811092
LOC8059293,1,-0.23002301534556
LOC110435857,1,-0.229822330391762
LOC8064725,1,-0.229680977089989
LOC8085184,1,-0.22916884115749
LOC8062955,1,-0.22895671944168
LOC110433672,1,-0.228788622221283
LOC8061635,1,-0.228672671482192
LOC8075691,1,-0.228566968281498
LOC110434491,1,-0.228566968281498
LOC8070871,1,-0.22812508633839
LOC8080360,1,-0.227782819378714
LOC110430342,1,-0.227779063863129
LOC8079605,1,-0.227760219690994
LOC8072357,1,-0.227458647139008
LOC8060143,1,-0.227410422253611
LOC8067792,2,-0.227167708286938
LOC110434021,1,-0.226928243957216
LOC8054132,2,-0.226730487565017
LOC110430585,2,-0.226730487565017
LOC8086280,1,-0.226659552561217
LOC110431421,1,-0.226412878453071
LOC8065393,1,-0.226368204960913
LOC8065459,1,-0.226011179843718
LOC8081396,1,-0.226008418079532
LOC110431617,1,-0.22584771885805
LOC8055501,1,-0.225734529793374
LOC8083035,2,-0.2253979268900865
LOC110431001,1,-0.22514158195785
LOC8070856,1,-0.225106665062613
LOC8068991,1,-0.224897416996276
LOC8061689,1,-0.224843837521397
LOC8071201,1,-0.22441099289043
LOC8063514,1,-0.224051491418074
LOC110435383,1,-0.223833446205969
LOC8082774,1,-0.223645267582529
LOC8081782,1,-0.223369734774404
LOC8085967,1,-0.223297329981069
LOC110436611,1,-0.223291903076015
LOC8080017,1,-0.223190727330957
LOC8068659,1,-0.223023329634637
LOC8074674,1,-0.223019916955002
LOC8054471,1,-0.222965851831912
LOC110435989,1,-0.222911739527207
LOC8062114,1,-0.222561376928377
LOC110432726,1,-0.222273724113108
LOC8071238,1,-0.22205760424396
LOC8054250,2,-0.2219269680093725
LOC8064754,1,-0.221685318295866
LOC8072529,1,-0.221624338641289
LOC8068803,1,-0.221611639914559
LOC8055328,1,-0.221062038888416
LOC8059007,1,-0.221041740550271
LOC8079583,1,-0.22100889227271
LOC8073323,1,-0.220897670721226
LOC8059898,1,-0.220884986794652
LOC110434853,1,-0.220799530191941
LOC8070368,1,-0.220783772415889
LOC8086020,1,-0.22077357601056
LOC110429668,2,-0.2205236382957525
LOC8057916,1,-0.220396295257802
LOC8057324,1,-0.220396295257802
LOC110430693,1,-0.220230460636884
LOC8076116,1,-0.220192039364172
LOC110435132,1,-0.220192039364172
LOC8055263,1,-0.219999329801405
LOC8079626,1,-0.219981288558726
LOC8066496,1,-0.219594695008753
LOC8073632,1,-0.219510843293342
LOC110430912,1,-0.219455719105715
LOC110429557,1,-0.219440813248578
LOC110433662,1,-0.219435409756754
LOC8086399,1,-0.219421206204494
LOC8061148,1,-0.219379314268332
LOC8058486,1,-0.218895557705979
LOC8059223,1,-0.218804042526056
LOC8080954,2,-0.2187762921123985
LOC8081427,1,-0.218704866193187
LOC110433505,1,-0.218632950895935
LOC8069690,1,-0.218115519990051
LOC110436475,1,-0.217992309512388
LOC110436668,1,-0.217992309512388
LOC8079120,1,-0.21798113298987
LOC8064652,2,-0.2178944562520425
LOC8068537,1,-0.217479361553617
LOC8072946,2,-0.217030624400751
LOC8082793,1,-0.216993157116295
LOC110437669,1,-0.216894243872667
LOC110436485,2,-0.21672814969056603
LOC110437390,2,-0.216572487353447
LOC8064411,1,-0.216464726190589
LOC8067956,1,-0.216420623734787
LOC110431187,1,-0.216383790582355
LOC8060374,1,-0.216202846506688
LOC110434145,1,-0.216128370199681
LOC8081719,1,-0.21596772629032
TRNAF-GAA,1,-0.21568311409755
LOC110437044,1,-0.215519958923086
LOC110435392,1,-0.215405630010545
LOC110434317,1,-0.215253763455298
LOC8079715,1,-0.215117008979894
LOC110431055,2,-0.214794971018401
LOC8062461,1,-0.214784434507236
LOC8062460,1,-0.214784434507236
LOC8056328,1,-0.214752800432205
LOC110431348,1,-0.21460720782396
LOC8065618,1,-0.214592199176389
LOC8059335,1,-0.214584674498993
LOC8057985,1,-0.214545646558731
LOC8073233,1,-0.214522134128675
LOC110431594,1,-0.214517249511431
LOC8062451,1,-0.214286097510529
LOC8083480,1,-0.213906612890739
LOC110434955,1,-0.213539488533341
LOC8066345,1,-0.213359711941049
LOC110433878,1,-0.213221886222044
LOC8058641,2,-0.212614290942727
LOC8068010,1,-0.212481522809031
LOC110430283,3,-0.21240837052498665
LOC8085204,1,-0.212114585272243
LOC8074573,1,-0.212053351807254
LOC8074850,1,-0.211810348731406
LOC8062086,1,-0.21171265176012
LOC110430723,1,-0.211562573828334
LOC8065205,2,-0.211182500479658
LOC8082846,1,-0.211162636943453
LOC8065588,2,-0.21106887971323302
LOC8068807,1,-0.21103465008923
LOC8079611,1,-0.210668679592067
LOC110431238,1,-0.209780405175288
LOC8065924,1,-0.209762939892946
LOC8059941,2,-0.209664856161013
LOC8077011,2,-0.20948647726762049
LOC110435007,1,-0.209359289809846
LOC8069982,1,-0.209163400165778
LOC8054921,1,-0.209017771748727
LOC8055841,1,-0.208994727186709
LOC8074008,1,-0.208893527089671
LOC110431436,1,-0.208776299717779
LOC8083471,1,-0.208776299717779
LOC8068150,1,-0.208761939212582
LOC8057990,1,-0.208555973513687
LOC8076114,1,-0.208465821096526
LOC8076115,1,-0.208465821096526
LOC8056904,1,-0.207985836594426
LOC8071628,1,-0.207786752724759
LOC8076576,1,-0.207732962517741
LOC8072801,1,-0.207627469296653
LOC110437637,1,-0.207500963221709
LOC8057949,1,-0.207369607046181
LOC110431338,1,-0.207282935492971
LOC8082674,1,-0.207277847170574
LOC110431053,1,-0.207262056959102
LOC8083462,2,-0.207132651894402
LOC8084011,1,-0.207065625818018
LOC110436037,3,-0.20703857104693135
LOC8073475,2,-0.2070192529717085
LOC8078495,1,-0.207007099582309
LOC8060659,1,-0.20698298096934
LOC8084641,3,-0.20695925701132933
LOC8063647,1,-0.206876990900026
LOC8063648,1,-0.206876990900026
LOC8083044,1,-0.206829391609027
LOC8060853,1,-0.206720643656864
LOC8058254,1,-0.206635408866427
LOC110434140,1,-0.20658704673502
LOC8075939,1,-0.206529752340399
LOC110432287,1,-0.206483656460688
LOC110431058,1,-0.206434022197755
LOC8085746,2,-0.2060217181007235
LOC8059838,1,-0.206019550566229
LOC8064471,1,-0.205958392410916
LOC110435793,1,-0.205945718282489
LOC8061555,1,-0.205741939407929
LOC8076963,4,-0.2056752769403795
LOC8074439,3,-0.20558630030774702
LOC8057554,1,-0.205581369314973
LOC8067060,1,-0.205560902415204
LOC8057553,1,-0.205459813620215
LOC8084524,2,-0.20533303586749851
LOC110431923,1,-0.205263592230583
LOC8062226,1,-0.205014736188173
LOC8075215,1,-0.204968454923879
LOC110432600,1,-0.20491278370326
LOC110432459,1,-0.204877267299711
LOC110430026,2,-0.2048514513433765
LOC8079969,1,-0.204828575019361
LOC110430905,1,-0.204731512485036
LOC8075143,1,-0.204556593097896
LOC8062118,1,-0.204528144001738
LOC8065490,1,-0.204513765136676
LOC110434323,1,-0.204504789401372
LOC8059423,1,-0.204488575797285
LOC110436743,1,-0.204448082593152
LOC8056005,1,-0.204411428964566
LOC8054700,1,-0.204357129018342
LOC110435918,1,-0.203977485704186
LOC8063780,1,-0.20373689566283
LOC110432389,1,-0.203409249219378
LOC8063969,2,-0.2033651183967075
LOC8064259,1,-0.203270276978031
LOC8059285,1,-0.203170795694069
LOC8077750,1,-0.2030041006905
LOC110432966,1,-0.202990821887814
LOC8060602,1,-0.202930239973383
LOC110436008,2,-0.202749809377744
LOC8063275,2,-0.202644577499404
LOC8064799,1,-0.202531151858961
LOC8077298,1,-0.202487330856345
LOC110437586,2,-0.20246637257913203
LOC8084813,1,-0.20226989463665
LOC8067744,1,-0.202243583409931
LOC8059893,1,-0.201991556012008
LOC8063516,1,-0.201984615429486
LOC8070645,1,-0.201911182780322
LOC8074867,1,-0.201656956314019
LOC110432705,3,-0.201421826238896
LOC8054777,1,-0.20139697508752
LOC110433143,1,-0.201335367318104
LOC8081169,1,-0.200870233338306
LOC8073446,1,-0.200735686161352
LOC8064655,1,-0.200638960458145
LOC8070786,1,-0.200538458588177
LOC8074949,1,-0.200391499168995
LOC8078059,2,-0.2003834278090585
LOC8073610,1,-0.200243359586623
LOC8059534,2,-0.2002430272439255
LOC8075546,1,-0.200119462008049
LOC8067958,1,-0.200112720150588
LOC8076220,1,-0.20010055819077
LOC8056598,2,-0.2000650442358645
LOC8078516,1,-0.200058184460416
LOC8086232,1,-0.200002777186545
LOC8084188,1,-0.199921313001418
LOC110434378,2,-0.1998777468693195
LOC8066479,1,-0.199794054713899
LOC8083780,1,-0.199594351785866
LOC110435509,1,-0.199571029380973
LOC8058539,2,-0.19929083784881801
LOC110433151,1,-0.199267053339261
LOC8083478,1,-0.199207936311403
LOC110431442,1,-0.199207936311403
LOC8075791,1,-0.199181815946403
LOC8066011,1,-0.199170369592516
LOC8069139,1,-0.199143655591469
LOC110434037,1,-0.198725474792854
LOC110432769,1,-0.198705737196787
LOC8057235,1,-0.198703742656503
LOC8074865,1,-0.198685625885427
LOC8071406,1,-0.198646758267494
LOC110430340,1,-0.198600235311848
LOC8059846,1,-0.198489692523081
LOC8054110,1,-0.198460401526164
LOC110436268,1,-0.198445184280624
LOC8072010,1,-0.198391795459515
LOC110431649,1,-0.198335675537149
LOC110432945,1,-0.197957317546947
LOC8077481,2,-0.197848338886706
LOC8074597,1,-0.197652580082989
LOC8057279,1,-0.197636068292321
LOC8079168,1,-0.197418950569661
LOC110436014,1,-0.197418950569661
LOC8059163,1,-0.197359410402575
LOC8069933,1,-0.197329892378106
LOC8058216,1,-0.197199774431521
LOC8077305,1,-0.197180702604927
LOC8062730,1,-0.197074224420639
LOC8080073,1,-0.197061135587197
LOC8062060,1,-0.196913238588611
LOC8155364,1,-0.19690032436792
LOC8085049,1,-0.196865431460869
LOC8058776,1,-0.196781524364751
LOC8073307,1,-0.19671749629903
LOC8054934,1,-0.196081616553852
LOC8077325,1,-0.196015727644982
LOC8072904,1,-0.195867747629436
LOC8086402,1,-0.195795884192926
LOC110435549,1,-0.195707799762642
LOC8064249,1,-0.195657090937005
LOC110437671,1,-0.195599496444992
LOC110432701,1,-0.195581900654393
LOC110435855,1,-0.195457584480791
LOC110432588,1,-0.194993109660825
LOC8060540,2,-0.19498212432651102
LOC110435745,1,-0.194947949761248
LOC110435244,1,-0.194838553249784
LOC8054657,1,-0.194735658047274
LOC8077663,2,-0.19461334545422548
LOC8060454,1,-0.194455516065333
LOC110437209,1,-0.194251593221907
LOC110432346,1,-0.194117478385314
LOC8080611,1,-0.194113880992157
LOC8058356,2,-0.193930609742346
LOC8081486,2,-0.193882858053021
LOC8060133,1,-0.193809317423729
LOC8082622,1,-0.193796556107621
LOC8073749,1,-0.19356427430992
LOC110432357,1,-0.193522408322307
LOC8072303,2,-0.193417436819534
LOC8079967,1,-0.19335071318009
LOC8070376,1,-0.193252178884197
LOC8054995,1,-0.193068663470743
LOC8082986,1,-0.193048443442731
LOC8085109,2,-0.19298136712552852
LOC110433691,1,-0.192846668920053
LOC8054784,1,-0.192591874577322
LOC8057296,1,-0.192546887532905
LOC8058552,1,-0.192508614076002
LOC8061947,1,-0.192466781331625
LOC8084850,1,-0.19236256429035
LOC8070310,1,-0.192174381219358
LOC8085849,1,-0.192174381219358
LOC110430161,1,-0.192152874995766
LOC8072220,1,-0.192085389157296
LOC110436297,2,-0.19208292118341752
LOC110434324,1,-0.19201026399979
LOC8058421,1,-0.191991325676791
LOC8068001,2,-0.1919441827981395
LOC110432832,1,-0.191786072545204
LOC110436354,1,-0.191770869554206
LOC8071279,2,-0.19171444408160648
LOC8055615,1,-0.191704890739172
LOC8080210,1,-0.191701839106813
LOC110436445,2,-0.191598649305489
LOC110431710,1,-0.191528311554379
LOC8069514,2,-0.191500664254432
LOC8058795,1,-0.191481529808271
LOC110430743,1,-0.191440053198341
LOC110436553,2,-0.1914097535612925
LOC8060319,1,-0.191304992340291
LOC8078477,1,-0.190997955978725
LOC8054954,1,-0.190920077466685
LOC110437236,1,-0.19039741729646
LOC8073096,1,-0.190367039534393
LOC8072941,1,-0.190250424920679
LOC8076066,2,-0.190059155344333
LOC110435812,1,-0.190024464839304
LOC8074155,1,-0.1900227031392
LOC8086400,1,-0.189968348621023
LOC8062531,1,-0.189751163290676
LOC8082354,1,-0.189700305540819
LOC8055433,1,-0.189599398834759
LOC110432203,1,-0.189448220615682
LOC8066013,1,-0.18942725273141
LOC8084898,2,-0.18941351539767298
LOC110432771,1,-0.189257087664493
LOC8077249,1,-0.189257087664493
LOC8071856,2,-0.189241571891201
LOC8082615,1,-0.189049700937993
LOC8057935,1,-0.188872308816782
LOC8082671,1,-0.188865057288815
LOC8083339,2,-0.1886412211223335
LOC110434869,2,-0.18856767705947
LOC110437508,1,-0.188554668907917
LOC110433678,1,-0.188336466268658
LOC8057826,1,-0.188156097871306
LOC110436041,2,-0.18812186169599499
LOC8060121,2,-0.18809243566238798
LOC110435571,1,-0.187980764689866
LOC8085881,1,-0.187811265552432
LOC8155512,1,-0.187395064615313
LOC8061794,1,-0.187381756948502
LOC8060648,1,-0.187307701998617
LOC110432011,1,-0.187225240257676
LOC8058349,1,-0.187205713896587
LOC8078208,1,-0.187198050779408
LOC8055382,1,-0.187007742014776
LOC110436436,1,-0.186992156217697
LOC8065351,1,-0.186719548287328
LOC8073979,1,-0.186507665410502
LOC8061301,2,-0.1864947008013965
LOC8058424,1,-0.186396943719709
LOC8084265,2,-0.1863822779993525
LOC8076068,1,-0.186269113185859
LOC8059044,1,-0.186186400599702
LOC8080826,3,-0.18615605679614167
LOC8079302,1,-0.18612725329346
LOC8060936,1,-0.186089118637673
LOC110436861,1,-0.186089118637673
LOC8084033,1,-0.185788806916829
LOC8077884,1,-0.185703271059798
LOC110433074,1,-0.185547675509078
LOC8059700,2,-0.1855182100363925
LOC8081443,1,-0.185506583620241
LOC8076096,1,-0.185220222968997
LOC8071842,1,-0.185204174648354
LOC8086215,3,-0.18502485866557836
LOC8078464,1,-0.184870699543246
LOC8072723,1,-0.184856520813765
LOC8058526,1,-0.184685065376794
LOC8056963,1,-0.184505332398166
LOC8067460,1,-0.184381175597412
LOC8060519,2,-0.1843087222060875
LOC8069311,2,-0.1840789972983165
LOC8072025,1,-0.184045420390093
LOC8054949,1,-0.184015945235459
LOC8067209,1,-0.183847155578737
LOC110435409,1,-0.183784975677444
LOC8073960,1,-0.183615290484217
LOC8073961,1,-0.183615290484217
LOC8066082,1,-0.183583171586833
LOC8073180,1,-0.183488565411589
LOC8073577,1,-0.183459064896963
LOC8076601,1,-0.183441329635746
LOC8072026,1,-0.183424895877817
LOC8065134,1,-0.183387508094838
LOC8074226,1,-0.183152520857067
LOC8054304,1,-0.183127983517594
LOC110432770,3,-0.18312271065755867
LOC8071150,1,-0.183055042028663
LOC110432762,1,-0.182950504136627
LOC8054112,1,-0.182891668027962
LOC8060698,1,-0.182871423664187
LOC110436834,1,-0.182867769180607
LOC8082080,2,-0.18270645554112253
LOC8079301,1,-0.182528695175856
LOC8064145,1,-0.182467325275325
LOC8073187,1,-0.182447784543473
LOC8069974,1,-0.182244686907965
LOC110434185,1,-0.182202657840896
LOC8067116,1,-0.182133106610249
LOC8055304,1,-0.182121779124525
LOC110430692,1,-0.181899815775132
LOC110431181,2,-0.18175259759811951
LOC8059963,1,-0.181703173104986
LOC8083259,1,-0.181634587641294
LOC8056471,1,-0.181597522019717
LOC8081117,1,-0.181533663283906
LOC8075424,1,-0.181486909829427
LOC8068232,2,-0.1813577541166
LOC110437082,1,-0.181307426602937
LOC8065606,1,-0.181257373829724
LOC8062328,1,-0.181189422019728
LOC110430481,1,-0.181187778330676
LOC110434712,1,-0.181091006595724
LOC8079396,1,-0.181091006595724
LOC8085101,1,-0.180994883261266
LOC8055267,1,-0.180868193393383
LOC110431141,1,-0.180784177861005
LOC8071253,1,-0.180639478425508
LOC8063606,1,-0.180627084044159
LOC110430594,2,-0.18060934207915
LOC8075262,1,-0.180534899942212
LOC8080453,1,-0.180421917756921
LOC110431636,2,-0.180340792169241
LOC8074110,1,-0.180191953896851
LOC8060732,1,-0.180107808798708
LOC8068667,2,-0.1800969320203145
LOC110432023,1,-0.180000251007701
LOC8063195,1,-0.180000251007701
LOC8085396,1,-0.179945594950664
LOC8082366,3,-0.17970073013296703
LOC110437385,1,-0.179537914696188
LOC8083198,1,-0.179436480789114
LOC110429649,1,-0.179260604598665
LOC110435947,1,-0.179254841915069
LOC8065536,1,-0.179018312086602
LOC110433551,1,-0.178962794054012
LOC110435967,1,-0.178901917840589
LOC8155421,1,-0.17859705220696
LOC8055763,1,-0.178338866799677
LOC8059677,2,-0.17827910277459602
LOC110437668,1,-0.178149633386795
LOC8055013,1,-0.178120471523395
LOC8071857,1,-0.178015862456254
LOC110435553,2,-0.177994945588915
LOC110434947,1,-0.177973905337881
LOC8074614,1,-0.177961495736552
LOC8074615,1,-0.177961495736552
LOC110436031,2,-0.17785595337556048
LOC8080610,1,-0.177737962303832
LOC8075565,2,-0.1776265826613435
LOC110433545,1,-0.177427323163511
LOC8070777,1,-0.177392061452545
LOC8073419,1,-0.177266577377806
LOC110436438,2,-0.17724300154477401
LOC110433178,2,-0.1771221168546335
LOC8054550,1,-0.17711239253701
LOC8059273,1,-0.177087002869
LOC8064463,1,-0.177035099320838
LOC110436428,1,-0.176998613117265
LOC110436392,1,-0.176965095355663
LOC8077900,1,-0.176954346331147
LOC8068025,1,-0.176678490681386
LOC8075214,1,-0.176572388475145
LOC8056388,1,-0.176357723260329
LOC110430293,1,-0.176326844860657
LOC8079845,1,-0.176243417059051
LOC8063898,1,-0.1762180196006
LOC110430761,1,-0.176184620116224
LOC8054985,1,-0.176171465220513
LOC8083570,1,-0.176150647334013
LOC110431236,2,-0.176135602780792
LOC8056040,2,-0.17609879295741399
LOC8070165,1,-0.176047308758009
LOC8060004,1,-0.176022896528289
LOC8055729,1,-0.175983921808156
LOC8061110,1,-0.175979935667051
LOC8063850,1,-0.175974293637731
LOC8055132,3,-0.175966759857635
LOC8080675,3,-0.17591797140741902
LOC8074931,1,-0.17589150936752
LOC8085041,2,-0.1758727071532455
LOC110435432,1,-0.175776227056341
LOC8069126,1,-0.175729813507159
LOC110433282,1,-0.175713384675574
LOC8056000,1,-0.175708949398498
LOC8069780,2,-0.17568916854212552
LOC8068943,1,-0.175608253220647
LOC8070080,1,-0.175534414185984
LOC8056696,1,-0.175507538369876
LOC8065608,1,-0.17544335188734
LOC8065336,1,-0.175171698131658
LOC8077485,1,-0.175164340156971
LOC8059829,1,-0.175161246134734
LOC8059718,1,-0.175152409818489
LOC110433813,1,-0.175062184521644
LOC8071250,1,-0.175043980181632
LOC8077005,1,-0.175032948338828
LOC8056288,1,-0.175031266779827
LOC110434375,1,-0.175012718363805
LOC110430170,1,-0.174925231874742
LOC8064479,1,-0.174912020415628
LOC8076402,1,-0.174842079327151
LOC8076330,1,-0.174725242155081
LOC8078637,1,-0.17471440216948
LOC8079892,1,-0.174669220427634
LOC8064270,1,-0.174629670399906
LOC110429725,1,-0.174605501539056
LOC8055355,2,-0.1745664692158505
LOC8059368,1,-0.174448173477136
LOC8068782,2,-0.17440251498217602
LOC8073558,1,-0.174372158905371
LOC110436639,1,-0.174372158905371
LOC8072504,1,-0.174222277268384
LOC8069232,1,-0.17415521068657
LOC8077294,1,-0.174114585714854
LOC8086439,2,-0.174051920907874
LOC110433303,1,-0.173890835488841
LOC110435582,2,-0.1738757356421815
LOC8077262,1,-0.173873891776312
LOC8064823,1,-0.173819609603747
LOC110434494,1,-0.173773726290515
LOC8074723,1,-0.173709659366694
LOC8067085,1,-0.17369336229817
LOC8062372,2,-0.1736063132484405
LOC8056529,1,-0.173603022790294
LOC110436235,1,-0.173483897755137
LOC110432999,1,-0.173404437777234
LOC8073688,2,-0.17332837349340152
LOC110437291,3,-0.17326887402347033
LOC110429667,1,-0.173261881103352
LOC8058625,1,-0.173261584057928
LOC8054681,1,-0.17323234312011
LOC8064010,1,-0.173196624143474
LOC110432339,1,-0.173138993453158
LOC8079708,1,-0.173072721310004
LOC8072445,1,-0.173067390884203
LOC8071735,1,-0.17304550532807
LOC8072390,1,-0.173032949613826
LOC8069679,1,-0.17300618721747
LOC8074716,1,-0.17293059287468
LOC110432833,1,-0.172830188101153
LOC110436969,1,-0.172793312647449
LOC8063992,1,-0.172793312647449
LOC8058201,1,-0.172779834873535
LOC8066088,2,-0.172765213856893
LOC8059413,1,-0.17273755091051
LOC8057283,1,-0.172580709412343
LOC8073157,1,-0.172557880266979
LOC110436382,1,-0.172546481917765
LOC8073592,1,-0.172546481917765
LOC8071019,1,-0.172404701941953
LOC110431026,1,-0.172373847015279
LOC8069875,1,-0.172174500327086
LOC8082180,1,-0.172141573440564
LOC8066486,1,-0.172097820157964
LOC8080932,1,-0.172065943329609
LOC8079354,1,-0.171968147884035
LOC8078084,2,-0.1717999207970985
LOC8082920,1,-0.171582804381501
LOC8076183,1,-0.171547031953892
LOC8080209,2,-0.17154667499993248
LOC8058456,1,-0.17145659392589
LOC8064048,1,-0.171361945056377
LOC8084397,2,-0.171323798535451
LOC110430277,3,-0.17129558678846135
LOC8075452,2,-0.1712777966556795
LOC8059200,1,-0.171214553826808
LOC8065765,1,-0.171206087573442
LOC8080750,1,-0.171160630280445
LOC8081403,1,-0.171030486531692
LOC8067515,1,-0.17095451098729
LOC8060488,1,-0.170940759678089
LOC8071118,1,-0.170917337827673
LOC8059684,2,-0.1708500356665335
LOC8077031,1,-0.17082963054515
LOC8061792,2,-0.17077540260617102
LOC8072455,2,-0.1707184143133455
LOC8071654,1,-0.170627136669387
LOC8071655,1,-0.170627136669387
LOC8059960,1,-0.170563943797821
LOC8056404,1,-0.170423795243011
LOC8081506,1,-0.170319193247962
LOC8065780,1,-0.170283324783303
LOC8056889,1,-0.170259149803116
LOC8062560,1,-0.170234176813518
LOC8080568,1,-0.170118116668048
LOC8058643,1,-0.17003929816895
LOC110436469,1,-0.170013709735393
LOC110430838,1,-0.169990504495887
LOC8085273,1,-0.169980426578452
LOC8155437,1,-0.169584902771954
LOC8060464,1,-0.169506755314986
LOC8077654,1,-0.169462845423498
LOC8075847,2,-0.16945127043271602
LOC8076543,1,-0.169369582205753
LOC8057521,1,-0.169368416065558
LOC8067041,1,-0.169352789036742
LOC8082385,1,-0.169232103422585
LOC8056481,1,-0.16913970651562
LOC8056522,2,-0.1690515091793735
LOC8065192,1,-0.169044140656129
LOC8075685,1,-0.168938943427861
LOC8066215,1,-0.168938943427861
LOC8078597,1,-0.16892347714987
LOC110431213,1,-0.168888624740181
LOC8076791,1,-0.168814939962598
LOC8058259,1,-0.168765203330955
LOC110430044,1,-0.168732235556279
LOC110430043,1,-0.168732235556279
LOC110435002,1,-0.168705447308016
LOC110432202,2,-0.16870001030564952
LOC8065997,1,-0.168559141715962
LOC8063126,1,-0.168504880703418
LOC8082995,1,-0.168446719535283
LOC8055601,1,-0.168366029003448
LOC8083383,2,-0.16835972927036
LOC110436635,2,-0.16835972927036
LOC8073313,1,-0.168157879368521
LOC8083264,1,-0.168116265034637
LOC8155557,1,-0.167962367160858
LOC110429516,1,-0.167917347305327
LOC8066879,1,-0.167903184927574
LOC110430702,2,-0.1677888701023665
LOC110432737,3,-0.16775456458261198
LOC8061469,1,-0.167686858861903
LOC110437503,1,-0.167600228589002
LOC110431062,1,-0.167583322312736
LOC8076937,1,-0.167555098669262
LOC8083880,1,-0.167553479095619
LOC8055091,1,-0.16749338661131
LOC110433830,2,-0.167491863224639
LOC8077241,1,-0.167410238250663
LOC8055924,3,-0.16739799794674035
LOC8078056,1,-0.167309133335579
LOC8054727,1,-0.167152094934514
LOC8081019,1,-0.167121719019663
LOC8068898,1,-0.167068593089908
LOC8068713,1,-0.167068593089908
LOC8073017,3,-0.1670685385452433
LOC110430983,2,-0.166976380786979
LOC8056893,1,-0.16688953041775
LOC8066118,1,-0.166865120151156
LOC8057801,1,-0.16681086218223
LOC8071198,1,-0.16678641434923
LOC110431021,1,-0.166764948785482
LOC110437593,1,-0.166739564607079
LOC8060696,1,-0.166615767815211
LOC8056419,1,-0.166543129017306
LOC8068592,1,-0.166463446079754
LOC8081761,1,-0.166380892839306
LOC8055724,1,-0.166284567496042
LOC8066776,2,-0.16627625879428898
LOC8086031,1,-0.166183280213388
LOC8086030,1,-0.166183280213388
LOC8086313,1,-0.166065383182007
LOC8054339,1,-0.166048449358905
LOC8074389,1,-0.166002221295517
LOC8067576,1,-0.16589787878939
LOC8062296,1,-0.165821362615514
LOC8058655,1,-0.165787720670874
LOC8072779,1,-0.165550303044811
LOC8077106,1,-0.165508807443027
LOC8080620,1,-0.165505890563095
LOC8072242,1,-0.165471977098332
LOC8070493,1,-0.165365992992607
LOC110436090,1,-0.165312042540541
LOC8084403,1,-0.165220045767321
LOC8071473,1,-0.165196045882386
LOC8073476,1,-0.165182107904642
LOC110431899,1,-0.165167029988511
LOC110437268,1,-0.165104539629697
LOC8065559,1,-0.165100746868201
LOC8063525,1,-0.165066313160564
LOC8070369,3,-0.16502271169081031
LOC8065172,1,-0.165008307952363
LOC110437612,1,-0.165005934221855
LOC8083496,2,-0.16499529946729252
LOC8070885,1,-0.164948539510592
LOC8077840,1,-0.164903588335954
LOC110437301,1,-0.164903588335954
LOC8066831,1,-0.164883508637337
LOC110432007,2,-0.164864642861759
LOC8062816,1,-0.164740579309169
LOC110434845,1,-0.164726414327142
LOC8056866,1,-0.164725233703394
LOC8077955,1,-0.164657294271902
LOC110431153,1,-0.164495475202456
LOC8082589,2,-0.164439955604854
LOC8070137,1,-0.164277544015158
LOC8067473,1,-0.164132482118725
LOC110431439,1,-0.164113970508591
LOC8081697,1,-0.163856401352499
LOC8068215,1,-0.163810099271121
LOC8082669,1,-0.163778995417389
LOC8062485,1,-0.163624450032573
LOC8070041,1,-0.163603450254554
LOC110433283,1,-0.163488527684921
LOC110437505,1,-0.163449615190127
LOC8061311,1,-0.163321146271651
LOC8059804,1,-0.163181527213885
LOC8059037,1,-0.163102899176632
LOC8078790,1,-0.163078459599538
LOC8073876,2,-0.1629284831682435
LOC110434576,2,-0.1629284831682435
LOC8078859,1,-0.16286059966493
LOC8084310,2,-0.162744111076164
LOC8077162,1,-0.162733831492248
LOC110432061,1,-0.16271907263532
TRNAM-CAU,1,-0.162698890354937
LOC110437574,1,-0.162695470421443
LOC8066721,1,-0.162675766486265
LOC110434857,1,-0.162664990879178
LOC8155319,1,-0.162536011342572
LOC110436087,1,-0.162485863890562
LOC8085890,1,-0.162479055378994
LOC8057260,1,-0.16242539372998
LOC8055791,1,-0.162407204667865
LOC110433121,1,-0.162324232980209
LOC8084441,1,-0.162313021120544
LOC8068810,1,-0.162227357157344
LOC110431990,1,-0.162225200806402
LOC8066313,1,-0.162186642339715
LOC8086318,1,-0.162185447125732
LOC8077178,1,-0.162085386548636
LOC8069714,3,-0.162064394381728
LOC110434485,1,-0.162014119837146
LOC8067399,1,-0.161637690396712
LOC8063972,1,-0.161575228762191
LOC8069468,3,-0.16155135659887868
LOC8065342,1,-0.161506104431542
LOC8056473,1,-0.16139429650041
LOC110434795,1,-0.161358669892739
LOC8062739,2,-0.161323243715235
LOC8060243,1,-0.161260017808873
LOC8076993,1,-0.161232330471017
LOC8080054,1,-0.161186331819592
LOC110437207,1,-0.161183533661873
LOC8072962,1,-0.161171259655496
LOC110436628,1,-0.161156824103318
LOC110430789,1,-0.161133393845459
LOC8060272,1,-0.161103047184657
LOC8076829,1,-0.161094696781582
LOC8083554,2,-0.1610898206584565
LOC8064384,1,-0.161051507903714
LOC8066434,2,-0.160983362665586
LOC8072186,1,-0.16093489329482
LOC8079573,2,-0.1609334839736615
LOC8077779,1,-0.160690248428874
LOC8081794,1,-0.160678781516868
LOC8066008,1,-0.160675843365229
LOC8083394,1,-0.160675843365229
LOC8080682,2,-0.160633741082422
LOC8085592,1,-0.160619836830715
LOC110433430,1,-0.160607816621605
LOC110431281,1,-0.160594546359002
LOC110433837,1,-0.160516805121909
LOC8065699,1,-0.160421524551397
LOC8085384,2,-0.160419352432974
LOC110432732,1,-0.160398460467004
LOC110432227,1,-0.160398460467004
LOC8057721,1,-0.160365504859194
LOC8064260,1,-0.160357273608415
LOC8061782,2,-0.16033417237729802
LOC8059657,1,-0.160321647436109
LOC110435394,1,-0.160285763347957
LOC8081916,1,-0.160246999736586
LOC8066392,2,-0.1602377777890995
LOC110430190,2,-0.160191988300719
LOC110429598,1,-0.160172495584131
LOC8068386,3,-0.160153539856667
LOC110435766,1,-0.160128184610771
LOC110431190,2,-0.1601048974349255
LOC110430801,2,-0.1601048974349255
LOC8068661,1,-0.160041100426042
LOC8074768,1,-0.160036783817557
LOC8077868,1,-0.159961076942794
LOC8055992,1,-0.159940527243901
LOC8060060,1,-0.159933548815857
LOC110430728,3,-0.159810980748316
LOC110437270,1,-0.159807848984557
LOC8059532,1,-0.159735519286308
LOC8065604,1,-0.159710688828475
LOC110429884,1,-0.159647486450909
LOC8061891,1,-0.159618595752431
LOC8058750,1,-0.15958348634306
LOC110431033,2,-0.15955467883729751
LOC8068793,2,-0.15955467883729751
LOC110432418,1,-0.159553231694663
LOC8085783,1,-0.159497127106803
LOC110429768,1,-0.159485464300802
LOC8079994,1,-0.159420553835136
LOC8059939,1,-0.159391347965506
LOC110431789,1,-0.159343413820483
LOC8067488,2,-0.1593267955388465
LOC8069243,1,-0.15932589119038
LOC8078981,1,-0.159323921172769
LOC8055344,1,-0.15927732778717
LOC8083541,1,-0.159252983900405
LOC8076017,1,-0.159230452388271
LOC8071189,1,-0.159230452388271
LOC8080136,1,-0.159226141936037
LOC8070712,1,-0.159215854204672
LOC8075336,1,-0.159124936218159
LOC8074081,3,-0.15909291662555433
LOC110433117,1,-0.15908930771092
LOC8059107,1,-0.158964978284075
LOC8066787,3,-0.158886262552217
LOC8057430,2,-0.1588766461970925
LOC110434752,1,-0.158847253905151
LOC8055298,1,-0.15883849418872
LOC8060484,1,-0.158787184277539
LOC8069255,2,-0.15876351693547652
LOC8071476,1,-0.158751922431945
LOC110431394,1,-0.158675169997055
LOC110431289,1,-0.158671631327748
LOC8081696,1,-0.158628543340985
LOC8071328,1,-0.158601217093495
LOC8083986,2,-0.158559451045153
LOC8061693,2,-0.1584777798039045
LOC8078515,2,-0.1584766601928215
LOC8075515,1,-0.158396410523248
LOC110436531,1,-0.158350937039099
LOC110435278,1,-0.158228914701152
LOC8079507,1,-0.158130480804256
LOC8083535,1,-0.158125630244022
LOC8078319,1,-0.158008912304424
LOC8062440,1,-0.157980724795766
LOC8084067,1,-0.157957535191868
LOC110433158,1,-0.157945098296745
LOC110431634,1,-0.157793542725536
LOC8078431,1,-0.157787710495726
LOC8059714,1,-0.157774080511175
LOC8074080,1,-0.157751763160542
LOC8068817,2,-0.1577366085856825
LOC8073583,2,-0.1577019871783965
LOC8062814,2,-0.1576540542034945
LOC8079990,1,-0.157495618098075
LOC110430493,1,-0.157476217638307
LOC110431290,1,-0.157413141858809
LOC8055790,2,-0.15737511236889098
LOC110429774,1,-0.157360154601408
LOC8062838,1,-0.157273228123011
LOC8055157,3,-0.15718876884658833
LOC8055585,2,-0.15717592443818101
LOC8082623,1,-0.157160115381683
LOC8067386,1,-0.157156799020532
LOC8057407,1,-0.157137494832949
LOC110434679,1,-0.157137494832949
LOC8055303,1,-0.157077917780308
LOC110432030,1,-0.157070774504685
LOC110432741,1,-0.157067560721904
LOC110433956,1,-0.156965208143293
LOC8054180,1,-0.156945965544747
LOC8073874,1,-0.156923764883698
LOC8073520,1,-0.156920286705342
LOC8083783,1,-0.156856778258885
LOC110431811,1,-0.156853014571307
LOC8064542,1,-0.156806430086297
LOC8064753,1,-0.156792828535708
LOC110430455,1,-0.156770136884578
LOC8080119,1,-0.156691560431869
LOC8074936,1,-0.156678306450283
LOC8070781,2,-0.156665653033482
LOC110435833,1,-0.156593777869434
LOC8072269,1,-0.156590662284412
LOC8058569,1,-0.156579105552382
LOC8060103,1,-0.156572157816872
LOC8067316,1,-0.156554872690755
LOC8059922,1,-0.156494522177028
LOC8082245,1,-0.156432065918225
LOC8063285,1,-0.156427882837449
LOC8066243,1,-0.156393695333653
LOC8083919,1,-0.156384258708774
LOC8057541,1,-0.156350188535545
LOC110430446,1,-0.156344559837484
LOC8056654,1,-0.156195277759667
LOC110436342,1,-0.156170160837357
LOC110434831,1,-0.156144367337609
LOC110434830,1,-0.156144367337609
LOC8073719,2,-0.1560653521536955
LOC8070317,1,-0.156045904477072
LOC8065442,1,-0.156043799444072
LOC110433994,1,-0.15604333534908
LOC110434009,1,-0.156015382653212
LOC8077087,1,-0.156006868752248
LOC8073829,1,-0.155854591674803
LOC8060276,2,-0.1557813629103865
LOC8060277,2,-0.1557813629103865
LOC8074871,1,-0.155731392804826
LOC8078520,1,-0.155726608499579
LOC8078361,1,-0.155685176556929
LOC8073242,1,-0.155629108423686
LOC8075248,1,-0.155532908669091
LOC110430965,1,-0.155504146857607
LOC8065555,2,-0.155485025457888
LOC110435365,2,-0.1554441980033685
LOC8065835,1,-0.15540804789777
LOC8074045,1,-0.155383951751705
LOC8062913,2,-0.15535134075235302
LOC8057330,1,-0.155305582579986
LOC8081503,3,-0.155282155196026
LOC8066480,2,-0.1552527281666525
LOC110436463,1,-0.155171975063586
LOC8066309,1,-0.155082688326321
LOC110434792,1,-0.155073472891237
LOC110437339,1,-0.155000651738977
LOC8082472,3,-0.15496127326129602
LOC8065522,1,-0.154864999154442
LOC110434416,1,-0.154823950166798
LOC110431982,1,-0.154795783909345
LOC8054323,3,-0.15478746096059234
LOC110433191,3,-0.15478746096059234
LOC8075983,1,-0.154743646524837
LOC8084730,1,-0.154669801895197
LOC110435613,1,-0.154658933795932
LOC8086009,1,-0.154658933795932
LOC8063545,1,-0.154600683726396
LOC110437175,1,-0.154470914587574
LOC8073573,1,-0.154381909656198
LOC110436814,1,-0.154335232233561
LOC8074511,2,-0.15431630343153652
LOC8070958,1,-0.154293745887765
TRNAE-UUC,2,-0.1542482451306005
LOC8071756,1,-0.154243757970385
LOC8068971,1,-0.154164453390071
LOC8082764,1,-0.154161902393174
LOC8055312,1,-0.154104321355713
LOC8061105,1,-0.154058022569327
LOC8055607,1,-0.153874589316185
LOC110435019,1,-0.15379404753113
LOC8081023,1,-0.153625971073434
LOC8070821,1,-0.153602219937154
LOC110432711,1,-0.153386494616659
LOC8059839,1,-0.153386494616659
LOC8056620,1,-0.1533511065245
LOC110434430,2,-0.153305926855675
LOC8058157,1,-0.153245541157375
LOC8080337,2,-0.1531805927679425
LOC8083076,1,-0.153175973153667
LOC8073408,1,-0.153102008238883
LOC8082198,2,-0.153084480119755
LOC8075162,1,-0.153071968329511
LOC110431331,1,-0.153019448084239
LOC8060751,3,-0.152976878608672
LOC8083618,1,-0.152956328996459
LOC8081543,1,-0.152930170491826
LOC8065235,1,-0.152923282039512
LOC8084134,1,-0.152872953157129
LOC8077240,1,-0.152858040501248
LOC8074692,1,-0.152827196081778
LOC8081359,1,-0.152806313111378
LOC8067749,1,-0.152737568613099
LOC110433820,1,-0.152701902422733
LOC8078011,1,-0.152643661408223
LOC8085626,2,-0.1526217927078825
LOC110435270,1,-0.152609881501906
LOC8058043,3,-0.15257205774800234
LOC8061431,1,-0.152533965851505
LOC8058080,1,-0.152508250406364
LOC110429989,1,-0.152503468655448
LOC8057962,1,-0.152493080268307
LOC8070721,1,-0.152395956526281
LOC8070528,1,-0.152342726731077
LOC8078811,2,-0.152254857742539
LOC8076668,1,-0.152234420051308
LOC8063461,1,-0.152233293514123
LOC110432912,1,-0.152233293514123
LOC8072629,1,-0.152200501330547
LOC8073388,1,-0.152189405064736
LOC110436257,1,-0.152189405064736
LOC8059873,1,-0.152167410227615
LOC8077368,1,-0.152097452474428
LOC8069599,2,-0.15208805157478
LOC110435572,1,-0.151991513444105
LOC110430968,1,-0.15197313851417
LOC8067424,1,-0.151964226116446
LOC110433750,1,-0.15195809919171
LOC8071767,2,-0.151949589314065
LOC8065242,1,-0.151945732197407
LOC8081160,1,-0.151944692902123
LOC8078965,2,-0.151914073674133
LOC8072204,1,-0.151902808811237
LOC8073451,1,-0.151899329732954
LOC8063034,1,-0.15189282351275
LOC8083779,1,-0.151873233552761
LOC8078726,1,-0.151868723877828
LOC110429770,1,-0.151795591617336
LOC110432290,1,-0.151717421085431
LOC8085611,1,-0.151706039374912
LOC8064488,2,-0.151678765100589
LOC8067527,2,-0.151655786518575
LOC8079090,2,-0.15141518884864852
LOC8070628,1,-0.151387872470073
LOC8054483,2,-0.15137696768506548
LOC8078323,1,-0.151369935845297
LOC8085590,1,-0.151369935845297
LOC110430412,1,-0.151322538454387
LOC8057788,1,-0.15131446109813
LOC8054802,1,-0.151304893130154
LOC110434314,1,-0.151296243024484
TRNAL-CAG,3,-0.151190055727094
LOC110435401,1,-0.151153703484107
LOC8055082,1,-0.151118190525481
LOC8076147,1,-0.151096682185884
LOC8057526,1,-0.151053536184302
LOC8085871,1,-0.151043569565974
LOC8060591,1,-0.151010364364535
LOC8059972,1,-0.150967605211651
LOC8074267,1,-0.150951834447672
LOC8057682,1,-0.150946352538326
LOC110430474,1,-0.150931263626541
LOC8086487,1,-0.15091240232071
LOC8067124,1,-0.150900847832621
LOC110435052,1,-0.150837746811544
LOC110432343,2,-0.1508063931593115
LOC8078968,2,-0.1507366126986685
LOC8058366,2,-0.1507366126986685
LOC8059136,1,-0.150660982114953
LOC110435733,1,-0.150654255484605
LOC8078629,3,-0.15058561870297635
LOC8064681,1,-0.150557737569021
LOC110432820,1,-0.15055500080276
LOC8059796,1,-0.150465223480229
LOC110431682,1,-0.150458127641973
LOC110432000,1,-0.15045745289249
LOC110435511,2,-0.15037264874676448
LOC8056589,1,-0.150328656492584
LOC8056322,1,-0.150252848106523
LOC110429730,1,-0.150217504025555
LOC8055217,1,-0.150196428400072
LOC8066122,1,-0.150189510820655
LOC110436010,1,-0.150087105293652
TRNAW-CCA,1,-0.150077505417319
LOC8080898,1,-0.150077505417319
LOC110436894,2,-0.150011756966493
LOC110433206,1,-0.149921704487883
LOC110432186,2,-0.14987806228699851
LOC110434460,1,-0.1498628262853
LOC8060306,1,-0.149806839093848
LOC110431801,1,-0.14974429149121
LOC8068366,1,-0.149715645905248
LOC8085382,2,-0.1496700949708095
LOC110432973,1,-0.149655857470208
LOC8086249,1,-0.149592091157196
LOC8086250,1,-0.149592091157196
LOC8068952,1,-0.149586743814716
LOC8080089,2,-0.1495657288724605
LOC110437062,2,-0.149515440748269
LOC8069346,1,-0.14940319658813
LOC8076297,1,-0.149374007016158
LOC8057337,1,-0.149307016144518
LOC110431342,1,-0.149236540263299
LOC110436784,1,-0.149213746481563
LOC8064498,2,-0.14911114725039848
LOC8054892,1,-0.149090432228991
LOC8079403,1,-0.149050992683475
LOC8060657,1,-0.1489697760211
LOC110433276,1,-0.148963380477634
LOC8069201,1,-0.14893181875226
LOC8054729,1,-0.148822854075885
LOC8067026,2,-0.1488115689482245
LOC8069898,1,-0.148749520508521
LOC8086129,2,-0.1486333514606285
LOC8063259,2,-0.14861843086946902
LOC110431322,1,-0.148580793764277
LOC8078134,1,-0.148575846052398
LOC8054666,1,-0.148552091025686
LOC8078315,1,-0.148433335166563
LOC8083761,1,-0.148419263648241
LOC8067636,1,-0.14836797719762
LOC110437336,1,-0.148258489318717
LOC8081157,1,-0.148201773367063
LOC8081284,1,-0.148165460510851
LOC8080058,1,-0.148131123806022
LOC110434808,1,-0.147983056507136
LOC8057313,1,-0.14797895497269
LOC110435455,1,-0.147954004308295
LOC110430746,1,-0.147948133899915
LOC8078937,1,-0.147941414913388
LOC110436019,1,-0.147925602143557
LOC8075127,1,-0.147919013165466
LOC8059806,1,-0.147807734550045
LOC8074437,2,-0.147802873442772
LOC110431880,1,-0.147775952629983
LOC8071036,1,-0.147676441326439
LOC8073793,1,-0.147651190742052
LOC8085543,1,-0.147651190742052
LOC8055887,1,-0.147640681765369
LOC110434804,1,-0.147617031824925
LOC110435036,1,-0.147594473202224
LOC8076200,1,-0.147580409956288
LOC8079522,1,-0.147435885935329
LOC8071456,1,-0.147402363243181
LOC8067146,1,-0.147402363243181
LOC8059800,2,-0.147396952169174
TRNAR-UCG,2,-0.147396952169174
LOC110433511,2,-0.147338486318703
LOC8085610,1,-0.147313557357733
LOC110431737,2,-0.147258553263059
LOC8064258,1,-0.1472536208175
LOC8059624,1,-0.14721695980443
LOC8057594,1,-0.147167440178946
LOC8075146,1,-0.147149914639449
LOC110433434,1,-0.147125321086057
LOC8066140,1,-0.147078619148499
LOC8076417,1,-0.147026571306501
LOC8068627,1,-0.14693348058546
LOC110431958,2,-0.146923752833991
LOC8070426,1,-0.146916456723475
LOC110432324,1,-0.146914655192045
LOC8068590,1,-0.146903826952119
LOC8065700,1,-0.146857997620775
LOC8057170,1,-0.146844102564651
LOC8074078,1,-0.146827789096833
LOC8070106,1,-0.14681637716222
LOC8062212,1,-0.146725737376728
LOC8086324,2,-0.1466934269567115
LOC8060381,1,-0.146623661931809
LOC8063554,2,-0.14661604066127648
LOC8061666,1,-0.146593054883291
LOC8073723,1,-0.146514250194184
LOC110433455,3,-0.14647877217186434
LOC110431284,1,-0.14643037227141
LOC8085965,1,-0.146428780333735
LOC8062751,2,-0.14642454901748
LOC8059352,1,-0.146396085456205
LOC8066427,1,-0.146390189574846
LOC110434123,1,-0.146389645080916
LOC110437182,3,-0.14636232654426165
LOC110431388,1,-0.14627635278472
LOC8079744,1,-0.146273101445844
LOC8060802,1,-0.146230099338308
LOC8073464,1,-0.146213680909204
LOC110431385,1,-0.146212976638451
LOC8056027,1,-0.146186491530742
LOC8074284,1,-0.146159073788465
LOC8079637,1,-0.146139349043241
LOC8078576,1,-0.146054099709708
LOC8074463,1,-0.146054099709708
LOC8078698,1,-0.146047275239622
LOC110431412,1,-0.146022025891219
LOC8080029,1,-0.146010561401076
LOC8074060,1,-0.145965159898372
LOC110434577,1,-0.145955453243125
LOC8074520,1,-0.145866360871961
LOC110433882,1,-0.145866360871961
LOC8056158,1,-0.145859002795803
LOC110436431,1,-0.145822420120769
LOC8066236,1,-0.145778919532466
LOC8066235,1,-0.145778919532466
LOC8063199,1,-0.145778919532466
LOC110434531,1,-0.14574905723302
LOC8074661,1,-0.145711771299204
LOC110431945,1,-0.145641517911351
TRNAR-UCU,1,-0.145641131423308
LOC110434519,1,-0.145549705241013
LOC8080398,2,-0.145537415575677
LOC8155447,1,-0.145475145544527
LOC8059535,2,-0.1453994584006995
LOC8067048,1,-0.145379695026838
LOC8058077,2,-0.1453467605184545
LOC8070195,1,-0.145343719423584
LOC110433066,1,-0.14527238398229
LOC8057923,2,-0.1452690555017345
LOC8077119,1,-0.145261214754367
LOC8070475,1,-0.145243432536961
LOC8085899,1,-0.145230680909314
LOC8078292,1,-0.145223727398707
LOC110435139,2,-0.1452168316225365
LOC8061961,1,-0.145212645531865
LOC8067305,2,-0.145153059904163
LOC8073267,1,-0.145141158266426
LOC8059427,1,-0.14505849972571
LOC8059426,1,-0.14505849972571
LOC8070071,1,-0.145049296477628
LOC110436589,1,-0.145045400930201
LOC8085132,1,-0.144992098220257
LOC8054678,1,-0.144988520556201
LOC8077386,1,-0.144987480498253
LOC8074096,1,-0.144987480498253
LOC110436350,1,-0.144979019479436
LOC8080739,2,-0.14494361143149948
TRNAL-AAG,1,-0.144835203352245
LOC8077480,1,-0.144833995545105
LOC8079513,1,-0.144735021939349
LOC8072534,4,-0.14467074460731175
LOC8085584,1,-0.144655754630624
LOC8060101,1,-0.144646567061504
LOC8067632,2,-0.144620242319234
LOC8068749,1,-0.144599131805069
LOC110429631,2,-0.144577225968475
LOC110435725,1,-0.144550268490244
LOC8083324,1,-0.144549920838736
LOC8060719,2,-0.1445377145509455
LOC8079687,1,-0.144502717017967
LOC8084422,1,-0.14450054935086
LOC110437106,2,-0.144491606371214
LOC110430811,2,-0.144435713701454
LOC8086269,1,-0.144432501929838
LOC8072164,2,-0.1444195088916855
LOC8067572,1,-0.144412888536695
LOC110430147,1,-0.144390150774613
LOC8084130,1,-0.14437859966462
LOC8068765,1,-0.14435631088197
LOC8066842,1,-0.144339640498889
LOC8054851,1,-0.144314143831293
LOC110430740,1,-0.144276922203792
LOC8082633,1,-0.144244095591456
LOC110433156,2,-0.14421928507645349
LOC8061657,2,-0.14421928507645349
LOC110433881,1,-0.144199703622805
LOC8078685,1,-0.144188976061749
LOC110436452,1,-0.144136618839498
LOC8084351,1,-0.144088486771989
LOC8081165,2,-0.144061819497118
LOC8077323,1,-0.144047256544444
LOC8054869,1,-0.143972453907837
LOC8078434,1,-0.143929829107019
LOC8076204,1,-0.14390036880497
LOC8063678,1,-0.14387131316351
LOC110434815,1,-0.143859491802199
LOC110433610,1,-0.143810275334525
LOC8085474,1,-0.143786240061851
LOC8078622,1,-0.143780335309246
LOC8070246,2,-0.1437710771224415
LOC8079205,1,-0.14374584537486
LOC8065804,4,-0.14373413766497223
LOC8077854,1,-0.143729094068009
LOC8059762,1,-0.143668751366318
LOC8060990,1,-0.143634111099872
LOC8069818,2,-0.143611417695271
LOC8068873,3,-0.14358943581053665
LOC8070436,1,-0.143564728823254
LOC8077761,1,-0.143456735555834
LOC8081772,1,-0.143446647179375
LOC110432272,1,-0.143440353454509
LOC8069032,1,-0.143413571137657
LOC8070837,1,-0.143411683570175
LOC110430207,2,-0.1433853768765285
LOC8080488,1,-0.143370104470304
LOC8068728,1,-0.143319995763826
LOC8083441,3,-0.14331174567714933
LOC110433105,1,-0.143300902651595
LOC8062547,1,-0.143275783348403
LOC8059886,1,-0.143248509699338
LOC8081377,1,-0.143212725168658
LOC8076307,1,-0.143177349908412
LOC8061767,1,-0.143174838307989
LOC8076293,1,-0.143150194528015
LOC110432490,1,-0.143101659387121
LOC8062598,1,-0.143101659387121
LOC110432442,1,-0.14308264033002
LOC8054565,1,-0.14308264033002
LOC8066613,1,-0.14301177600273
LOC8061500,1,-0.142991940124935
LOC8079241,1,-0.142964591231219
LOC8067509,1,-0.14295857308423
LOC110435312,1,-0.142932592440023
LOC110435311,1,-0.142932592440023
LOC8081797,1,-0.142928667427785
LOC110437556,1,-0.142923336338928
LOC110435489,1,-0.142907243612868
LOC8065323,1,-0.142868831936126
LOC8054484,3,-0.1428658109258313
LOC8054772,1,-0.14286381251882
LOC110432900,2,-0.142800799247803
LOC8066508,1,-0.14279898360896
LOC8063960,1,-0.142795641866149
LOC110429945,1,-0.142753490482913
LOC110437643,1,-0.14275055493627
LOC110434988,1,-0.142715016480916
LOC8085969,1,-0.142715016480916
LOC8082811,2,-0.14271441499683152
LOC8082290,1,-0.142655502244004
LOC8073527,3,-0.142648708160754
LOC8057977,1,-0.142633312557193
LOC110435886,1,-0.142498845367462
LOC8071598,1,-0.142498845367462
LOC8077755,1,-0.142471522351011
LOC8079435,2,-0.1424354477071315
LOC8084525,1,-0.142326837890575
LOC8059261,3,-0.14228079770679034
LOC8074077,2,-0.14227814200469402
LOC8066969,1,-0.142251841664558
LOC110433510,1,-0.142207402591634
LOC8073693,1,-0.142200321083714
LOC8084917,1,-0.142184052271483
LOC110433198,1,-0.142153671820522
LOC8079713,1,-0.142136925982938
LOC8056728,1,-0.142124142023449
LOC8074257,1,-0.142103513626459
LOC8074258,1,-0.142103513626459
LOC8056780,2,-0.142013273084935
LOC8062958,3,-0.14194687921352267
LOC8072350,1,-0.141874815396047
LOC110433110,1,-0.141847260076456
LOC110430810,2,-0.14179087257016898
LOC8080211,1,-0.1417242671295
LOC110431363,2,-0.1417164148784505
LOC8064273,1,-0.141644805222069
LOC8084280,1,-0.141643196633161
LOC110436993,1,-0.14160741918979
LOC110431211,1,-0.141553564003681
LOC8063617,1,-0.14153829502795
LOC8060458,1,-0.141530809024381
LOC110434954,1,-0.141405920607321
LOC8086335,2,-0.1414013867893835
LOC8072271,3,-0.14139375384428465
LOC8058104,3,-0.14138600727886533
LOC8055297,2,-0.1413581729116415
LOC8065359,1,-0.141209747529877
LOC110435587,1,-0.141162257590691
LOC8063470,1,-0.141148404678169
LOC8065963,1,-0.141146778201789
LOC110430450,1,-0.141133640411082
LOC8071876,1,-0.141128273949225
LOC8078122,1,-0.14112156772583
LOC8057052,2,-0.14108393307515799
LOC110432823,1,-0.141018094344657
LOC8063658,1,-0.14094545602506
LOC110435722,2,-0.14091123359964
LOC110435721,2,-0.14091123359964
LOC110435939,1,-0.140864804288479
LOC8066529,2,-0.14086043300539
LOC8085054,1,-0.140835000733693
LOC110436678,1,-0.140828967909157
LOC110434805,1,-0.140758339249885
LOC8062240,1,-0.140750739921098
LOC110434799,1,-0.140700856361994
LOC8063441,2,-0.14068642470904702
LOC8063116,1,-0.140684584246293
LOC8081151,1,-0.140678127936563
LOC110435023,1,-0.140649818265684
LOC110433532,1,-0.140636972129202
LOC8063485,1,-0.140589544459877
LOC8083509,1,-0.140589466943126
LOC8070296,1,-0.14057830035178
LOC110433359,1,-0.140544262584739
LOC8077551,1,-0.140538376394042
LOC8060184,1,-0.140533782562248
LOC8077435,1,-0.140510969610426
LOC110434078,1,-0.140466527346197
LOC8054498,1,-0.140415392991933
LOC8081583,1,-0.140415392991933
LOC8078840,1,-0.140359810101559
LOC110430499,1,-0.140329567558948
LOC8077098,2,-0.140285743670533
LOC110433728,1,-0.140240676719614
LOC8085569,2,-0.1401474312976115
LOC8085679,1,-0.140080292180482
LOC110432013,1,-0.139991150283731
LOC8084350,2,-0.139979558439317
LOC8061027,1,-0.139958955980724
LOC110433104,2,-0.13995407746640098
LOC8055159,1,-0.139905742974648
LOC110435230,1,-0.139879331642291
LOC8068567,1,-0.139877392658636
LOC8079285,1,-0.139843546977
LOC8079284,1,-0.139843546977
LOC8063488,1,-0.139842901708521
LOC8079405,1,-0.139842150203289
LOC110436915,1,-0.139830776107311
LOC8072169,1,-0.139830776107311
LOC110430030,1,-0.139749583329285
LOC8061313,1,-0.139746509977848
LOC8072846,1,-0.139717898312975
LOC8070149,1,-0.139700214780311
LOC8084125,2,-0.139663244081298
LOC8055922,1,-0.139647434356931
LOC8072549,1,-0.139644175947793
LOC110432514,2,-0.139579209943852
LOC8085436,1,-0.139546892243319
LOC8070201,1,-0.139523742116851
LOC8066719,1,-0.139495338375354
LOC8062952,1,-0.139478360739813
LOC8081811,1,-0.139435005230101
LOC8079912,1,-0.139422910133547
LOC8068900,1,-0.139415651962227
LOC110433651,1,-0.139398371156309
LOC8056492,1,-0.139362053647696
LOC8058633,1,-0.139313154521284
LOC8059589,1,-0.139303187269962
LOC8081419,2,-0.139298316485869
LOC8060092,1,-0.139283609341436
LOC8086227,1,-0.139250928580583
LOC8058096,1,-0.139235339874718
LOC8073102,1,-0.139119116418512
LOC110433360,2,-0.139106295561794
LOC8067169,1,-0.139101782398995
LOC110432593,1,-0.139043972411056
LOC110433710,1,-0.139039273825
LOC110435663,1,-0.139022314528626
LOC8068089,1,-0.139007184509639
LOC8078128,1,-0.138985953794752
LOC8079402,1,-0.138959473901112
LOC8083961,1,-0.138956572186976
LOC8055338,1,-0.138930217050461
LOC110436144,1,-0.138902721956725
LOC8076997,1,-0.138885764027566
LOC110430703,2,-0.138858253468754
LOC8076961,1,-0.13885201107112
LOC8084137,1,-0.138823949471505
LOC8077730,1,-0.138800475330903
LOC8064219,1,-0.138767036644606
LOC8071200,1,-0.138735929039056
LOC110430745,1,-0.138717177533394
LOC110436420,1,-0.138676882712676
LOC8066230,1,-0.138644352634256
LOC8065044,1,-0.138635817650756
LOC8063468,1,-0.138634874781535
LOC8069463,1,-0.138616799160641
LOC110430020,1,-0.138609646873974
LOC8068134,2,-0.138590214392757
LOC8066789,1,-0.138535881533529
LOC8076676,1,-0.138530755093858
LOC8056489,1,-0.138479863457694
LOC110434345,1,-0.138479863457694
LOC8086051,1,-0.138468348833307
LOC8071392,2,-0.1384493803442785
LOC110436147,1,-0.138393343232301
LOC8085077,1,-0.138385459967261
LOC8085076,1,-0.138385459967261
LOC8084995,2,-0.138371112335374
LOC8058517,1,-0.138327859410727
LOC110435252,2,-0.13827711425121803
LOC8085722,1,-0.138254107212037
LOC110436127,2,-0.138242624133933
LOC8056827,2,-0.138242624133933
LOC110435095,1,-0.138212820785342
LOC8060211,2,-0.1381693131757055
LOC110434518,1,-0.138145703844905
LOC8068584,1,-0.138145703844905
LOC8075523,1,-0.138071944877145
LOC8061658,1,-0.138035238066712
LOC8084485,3,-0.13802626637709334
LOC8059716,1,-0.137971270363442
LOC8076844,2,-0.1379261974933085
LOC8078646,1,-0.137837675969845
LOC110433427,1,-0.13780306964447
LOC8085785,2,-0.1377996698782655
LOC8068913,2,-0.137789822159402
LOC8066377,1,-0.137751907597887
LOC8082961,1,-0.137684954055758
LOC110435742,2,-0.1376585610854935
LOC8057875,1,-0.13761009816548
LOC8155638,2,-0.137608971008562
LOC8075903,1,-0.137557731456698
LOC8086190,1,-0.137548179115992
LOC110431192,1,-0.137522281228704
LOC110430782,1,-0.137522281228704
LOC110434681,1,-0.137507314227132
LOC8057036,1,-0.137481910729344
LOC8068062,1,-0.137418207324255
LOC8084640,1,-0.1373456601322
LOC8062743,1,-0.137337684517129
LOC8063074,1,-0.137264668056589
LOC8062578,1,-0.137229129789299
LOC8068520,1,-0.137222528526288
LOC8068519,1,-0.137222528526288
LOC8071446,1,-0.137214306205269
LOC8060832,2,-0.1372095895097235
LOC8069176,1,-0.13719332974874
LOC8075209,1,-0.137143836388634
LOC8071734,1,-0.137118153970975
LOC8083210,3,-0.13709940520401168
LOC8060117,2,-0.137072209103736
LOC110431748,1,-0.13705034062535
LOC8085439,1,-0.137047584988541
LOC8057762,1,-0.137047584988541
LOC8084499,1,-0.137022467820516
LOC110437523,2,-0.13698098516712248
LOC8063754,2,-0.136956858711137
LOC8057580,1,-0.136953861406946
LOC8069569,1,-0.136928819862224
LOC8063269,1,-0.13689417782813
LOC8055713,1,-0.13684526834981
LOC8058072,1,-0.136777848794453
LOC110434183,1,-0.136777848794453
LOC8067850,2,-0.136771323701625
LOC8155281,1,-0.13671176262084
LOC8062685,1,-0.136627504043442
LOC8067141,1,-0.136619990646794
LOC8059664,1,-0.13659143786633
LOC8082141,3,-0.13655783528538834
LOC8080473,1,-0.136553899766189
LOC8075297,1,-0.136520014636564
LOC8076629,1,-0.136484317833155
LOC8073830,1,-0.136468919871283
LOC8059022,1,-0.136407287359894
LOC110433490,1,-0.136372777611002
LOC8059393,1,-0.136296510094192
LOC8061748,1,-0.136293496233842
LOC8059354,1,-0.13628997013568
LOC110437128,1,-0.136286195909145
LOC8065074,1,-0.136285906189093
LOC110431188,1,-0.13626294989909
LOC8063901,2,-0.1361815867561065
LOC8055804,2,-0.136168616535188
LOC8060229,2,-0.136168616535188
LOC8064939,2,-0.1361388581667575
LOC8061475,1,-0.136128703734552
LOC8155297,1,-0.13607722717571
LOC110437090,1,-0.135956384053996
LOC110435500,1,-0.135941841463612
LOC8059114,2,-0.1359155894519635
LOC110430135,2,-0.1358919168661465
LOC8069109,1,-0.135880404827102
LOC110432851,1,-0.135878743177287
LOC8083331,1,-0.135786332471236
LOC110430112,4,-0.135613127497383
LOC110437686,1,-0.135592053445431
LOC8065386,1,-0.135589072073859
LOC8084141,1,-0.135550753102576
LOC8064485,1,-0.135547013269612
LOC110431149,2,-0.135524373867204
LOC8061602,1,-0.135495950397692
LOC8082702,1,-0.135451269312746
LOC110437369,1,-0.135448418179133
LOC110433172,1,-0.135439018428132
LOC8062402,1,-0.135413423432419
LOC8060956,1,-0.135413423432419
LOC8056124,1,-0.135400980019973
LOC8078192,1,-0.135397043717947
LOC8077507,1,-0.135392320802032
LOC110434580,1,-0.135386759408065
LOC110431075,1,-0.135386267226496
LOC110432264,1,-0.135301166498321
LOC8056873,2,-0.1352995502474015
LOC110430503,1,-0.135284343075881
LOC8058202,1,-0.135274088411928
LOC110436916,1,-0.135269084495095
LOC110437028,1,-0.135269084495095
LOC8078462,1,-0.135257936577983
LOC110437402,1,-0.135241572267418
LOC8058701,1,-0.135232509475559
LOC8063911,1,-0.135202958503801
LOC110433072,2,-0.1351898761938
LOC8083211,1,-0.135173007031686
LOC110432980,1,-0.135164883757279
LOC110434367,1,-0.135158444069112
LOC110431282,1,-0.135146985592269
LOC8061088,1,-0.135081663373481
LOC110433418,1,-0.135056057543506
LOC8067162,1,-0.135028742605026
LOC110434836,3,-0.13500744077764867
LOC8057947,1,-0.134984449182229
LOC8065928,1,-0.134918978713039
LOC8057557,2,-0.13483533083364949
LOC110433741,2,-0.13483533083364949
LOC8070363,1,-0.134825647120407
LOC8066361,1,-0.134803739852105
LOC8055746,2,-0.1347856558956295
LOC8070775,1,-0.134785588649018
LOC110433184,2,-0.134687748418135
LOC8069882,2,-0.13468296825006298
LOC8085015,1,-0.134667364887131
LOC8073212,1,-0.134638965199532
LOC8066600,1,-0.134635253637904
LOC110431129,2,-0.1346213761181515
LOC8065491,1,-0.134574547364051
LOC110431638,1,-0.134539673928424
LOC8073220,1,-0.134527087381135
LOC8068566,1,-0.134525446302337
LOC110432657,1,-0.134490161119753
LOC110435687,2,-0.1344868394993115
LOC8082749,2,-0.13448194354277498
LOC110433680,1,-0.134455967025724
LOC8084330,1,-0.13443341866951
LOC8086099,1,-0.134429620541257
LOC110433549,1,-0.134428710914995
LOC8072142,1,-0.134428710914995
LOC110429635,1,-0.134410311354414
LOC110433524,2,-0.134378506654011
LOC110437482,1,-0.134376471722167
LOC8066052,1,-0.134349693779338
LOC8055386,1,-0.134332628101813
LOC8074889,1,-0.134286867319667
LOC8054878,1,-0.134262397559226
LOC8065253,1,-0.134246333613884
LOC8079656,1,-0.134242058922402
LOC8072122,1,-0.134214237513368
TRNAD-GUC,1,-0.134214237513368
LOC8079260,1,-0.134214237513368
LOC8058427,1,-0.134174675954777
LOC110431037,1,-0.134101831165827
LOC8054754,1,-0.134019612782906
LOC110436461,3,-0.13397784310560235
LOC8085537,1,-0.133977512925836
LOC8069638,1,-0.133966977671289
LOC110436936,1,-0.133929144465173
LOC8076789,1,-0.133860540647736
LOC8085995,2,-0.13381538194020748
LOC8080019,1,-0.133800781184397
LOC110430091,3,-0.133800180296847
LOC8069856,1,-0.133729758038643
LOC8062297,1,-0.133727340095238
LOC8060963,1,-0.133699935928393
LOC110436910,1,-0.133677306590673
LOC8065343,1,-0.133627615171439
LOC8155486,1,-0.133620554036679
LOC8085731,1,-0.133619955262023
LOC8077747,1,-0.133598340766984
LOC8067766,1,-0.133598330396122
LOC8079857,1,-0.133587391271252
LOC8059986,1,-0.133564843550709
LOC8078527,1,-0.133506221868209
LOC8076426,1,-0.133488013712737
LOC8065902,1,-0.133474011833877
TRNAV-AAC,1,-0.133465692928246
LOC110436555,1,-0.133428792536491
LOC8058277,1,-0.133416090849405
LOC8063381,1,-0.133356181396258
LOC8062429,1,-0.133333778605145
LOC110430326,1,-0.133309787542292
LOC8054569,1,-0.133276701823173
LOC8074130,2,-0.1332594349531425
LOC8073448,1,-0.133250595134702
LOC110429595,2,-0.1332475935730265
LOC8078116,1,-0.133169854714334
LOC8054881,2,-0.1330416669750905
LOC110433464,1,-0.132998439684482
LOC8086211,1,-0.132964122597705
LOC110437373,1,-0.132932542257768
LOC8082765,2,-0.13288682591155998
LOC8081855,1,-0.132884889846939
LOC8061575,1,-0.132865682226324
LOC8079631,1,-0.132843661044396
LOC8075007,1,-0.132831937762092
LOC110432406,1,-0.132813129429375
LOC8076839,1,-0.132726890092783
LOC110436224,1,-0.132622353794987
LOC8058872,1,-0.132574739080673
LOC110431997,1,-0.132573228978664
LOC8080408,1,-0.132472343360326
LOC8073445,2,-0.1324592770037045
LOC8072875,1,-0.132453320987516
LOC8057261,1,-0.132450491872821
LOC8063094,1,-0.132403489981633
LOC110434862,1,-0.132360321163459
LOC8076396,3,-0.13235111613691
LOC8072983,2,-0.132295411423012
LOC8063581,1,-0.132281654940404
LOC8055341,1,-0.132180230820891
LOC110436460,1,-0.132167188471241
LOC8074743,1,-0.132132074848352
LOC110436983,1,-0.132125361098814
LOC8059219,1,-0.132076315958161
LOC110430314,2,-0.13207338909677852
LOC8055566,2,-0.13205061504868199
LOC8068346,1,-0.131944469512526
LOC8083414,1,-0.131885758554066
LOC8060210,2,-0.13185972761043652
LOC8060177,1,-0.131854150025383
LOC8068979,1,-0.131827625819608
LOC8068978,1,-0.131827625819608
LOC8071895,1,-0.13179993346521
LOC8056502,1,-0.131770284460887
LOC8083542,1,-0.131765931056538
LOC8085412,1,-0.131643723925504
LOC8060222,1,-0.131546110644946
LOC110437210,1,-0.131545053326733
LOC110429653,1,-0.131508125769828
LOC8067615,1,-0.131455796707516
LOC110434321,1,-0.131415039086445
LOC8073177,1,-0.131415039086445
LOC110434333,1,-0.131370653950384
LOC8085468,1,-0.131370273859461
LOC8079607,1,-0.131340963668026
LOC8075824,1,-0.131331382700294
LOC110435889,1,-0.131285500716805
LOC8078183,2,-0.131279348713079
LOC8082498,1,-0.13124100080469
LOC8085618,1,-0.13121912686545
LOC110433649,1,-0.131192544748692
LOC110434940,2,-0.131162692376369
LOC8070884,3,-0.131143277399319
LOC8085050,1,-0.131131086338498
LOC8055188,1,-0.131106425935475
LOC8055189,1,-0.131106425935475
LOC8075609,1,-0.131106357543249
LOC8077196,2,-0.131102947550078
LOC110434850,3,-0.131073469078584
LOC110432710,1,-0.131054960162145
LOC8064875,1,-0.131036547656185
LOC110434889,2,-0.13101609216438498
LOC8076878,1,-0.130975856469373
LOC8074299,1,-0.130975021878717
LOC8080716,1,-0.130935230920953
LOC8080717,1,-0.130935230920953
LOC8065093,1,-0.130911079566861
LOC8065438,1,-0.130907109967988
LOC8061904,2,-0.13090258575886798
LOC8054329,1,-0.130844843201702
LOC110436305,1,-0.130844033191386
LOC8067727,1,-0.130766326015495
LOC8063069,1,-0.130745469313531
LOC8071285,1,-0.130731875598288
LOC8073717,1,-0.130712117211686
LOC8086304,2,-0.1307061422964395
LOC8083814,1,-0.130693359891156
LOC8057839,1,-0.130680488636536
LOC8065431,1,-0.130650597020355
LOC8054113,1,-0.130587458781143
LOC8068718,2,-0.130569546996601
LOC110431825,1,-0.130526539094607
LOC8069314,2,-0.13050728313403398
LOC8080027,2,-0.130448134659296
LOC8083641,1,-0.130424861136957
LOC8063240,2,-0.1304024585946975
LOC8058463,2,-0.13037934322685102
LOC8062421,1,-0.130317407183538
LOC8079011,1,-0.130295224112226
LOC110437617,2,-0.130186581691531
LOC110437616,2,-0.130186581691531
LOC8057227,1,-0.130167777041255
LOC110434104,2,-0.1301672113671635
LOC8068694,1,-0.130155632407341
LOC110431220,1,-0.130131400285515
LOC8062729,1,-0.130107900751802
LOC8056147,1,-0.130107188368267
LOC8056148,1,-0.130107188368267
LOC8065671,1,-0.130087495922638
LOC110430003,1,-0.130081184529004
LOC110433313,1,-0.130067153557339
LOC8078033,1,-0.130021588636941
LOC110434672,1,-0.130015148119513
LOC8083643,1,-0.129978069325758
LOC8079812,1,-0.129956358620466
LOC8067682,1,-0.129880951423683
LOC8073734,1,-0.129862322841071
LOC110437046,2,-0.129858883136231
LOC8059233,1,-0.129845914379922
LOC110436998,1,-0.129773628801862
LOC8071068,1,-0.129696348384253
LOC110430027,1,-0.129690659924136
LOC110431101,1,-0.129602511423985
LOC8057114,1,-0.129591684187188
LOC8084363,1,-0.129583833966554
LOC8055974,1,-0.129582847840936
LOC8080812,1,-0.129582602015825
LOC8080813,1,-0.129582602015825
LOC110433381,1,-0.129582470700699
LOC8084639,1,-0.12957670767829
LOC8070494,2,-0.129547618925383
LOC8069309,1,-0.129539786699669
LOC110430309,1,-0.129534738452764
TRNAK-CUU,1,-0.129515830649898
LOC110431691,1,-0.129482980442155
LOC8070283,1,-0.129431048168959
LOC110436035,1,-0.129358497548554
LOC110435625,1,-0.129358497548554
LOC8064026,1,-0.129329411328195
LOC110435284,1,-0.12932234204521
LOC110433167,1,-0.129282815223875
LOC8084957,1,-0.129282815223875
LOC110436329,1,-0.129233260664175
LOC110436995,2,-0.129227995938987
LOC110435859,1,-0.129215207420871
LOC8060780,1,-0.129194395211806
LOC8055459,1,-0.129177938327899
LOC8081590,2,-0.1291376951489835
LOC8071251,1,-0.129122798692282
LOC8079746,1,-0.129095088526794
LOC8073279,3,-0.12907712321309966
LOC110433787,1,-0.129058887795427
LOC8054604,1,-0.12896657359272
LOC8083608,1,-0.128946954221588
LOC110435009,1,-0.128902462098257
LOC8063728,1,-0.128890234917048
LOC110437208,1,-0.128854832324451
LOC8069322,2,-0.1287951113386035
LOC110430570,1,-0.128777296213768
LOC8081834,1,-0.128760701122355
LOC110435025,1,-0.128758093328839
LOC8061974,1,-0.1287502120684
LOC8079639,1,-0.128696960143214
LOC110437554,1,-0.128695852914993
LOC8083160,2,-0.1286800648355215
LOC8067000,1,-0.12867694219167
LOC8082078,1,-0.12864872528009
LOC8059124,1,-0.128647881899795
LOC8084274,1,-0.128621555764398
LOC8082051,1,-0.128597296038727
LOC8059484,2,-0.1285631037204355
LOC110429815,1,-0.12855105206507
LOC110433099,1,-0.12854975530791
LOC8061745,1,-0.128473075003347
LOC8061006,1,-0.128446725455019
LOC8062774,1,-0.128426734931515
LOC8062856,1,-0.128357819478584
LOC110435154,1,-0.128335359633849
LOC8082038,1,-0.12832661571062
LOC8054378,1,-0.128313100857331
LOC8079633,1,-0.128310047755492
LOC8058955,1,-0.128232573799728
LOC110433643,1,-0.128228747635678
LOC110437154,1,-0.128214276708988
LOC8080895,1,-0.128084944725684
LOC8085294,1,-0.128063866126344
LOC8064968,1,-0.12804280659941
LOC8074741,1,-0.128013219485555
LOC8066705,1,-0.127961733249678
LOC110433951,2,-0.1279587628655755
LOC110434064,1,-0.127877675219339
LOC110434865,1,-0.127850762301908
LOC8066036,1,-0.127828315819864
LOC110431791,1,-0.127828315819864
LOC8085824,1,-0.12771750052624
LOC110433771,1,-0.127712449549714
LOC8073903,1,-0.127712449549714
LOC110434214,1,-0.12770662118173
LOC8079802,1,-0.12765821260145
LOC8077550,1,-0.127634145475715
LOC8054786,1,-0.127603205420965
LOC8055921,1,-0.127601222718766
LOC110436196,1,-0.127601222718766
LOC110429916,1,-0.127564426737338
LOC110429932,1,-0.127455170881291
LOC110434861,1,-0.12744633472958
LOC8070455,1,-0.127418061160286
LOC8079186,1,-0.12741613224144
LOC8073726,1,-0.12732842580948
LOC8085552,1,-0.127313945268062
LOC8079524,1,-0.127304034183881
LOC8084889,1,-0.127284725513112
LOC110431966,1,-0.12717355516165
LOC8073230,2,-0.1271707518060525
LOC110436568,1,-0.127169164121259
LOC8068570,1,-0.127132433052212
LOC110429618,1,-0.127130260498807
LOC8068002,1,-0.127082424279613
LOC110434117,1,-0.127069190190547
LOC8076368,1,-0.127067176702994
LOC8062823,1,-0.127015731678455
LOC8064274,1,-0.127015723384476
LOC110437037,1,-0.127013108569276
LOC8074461,1,-0.126961752705879
LOC8057237,1,-0.126793323792206
LOC8065021,1,-0.126755868953298
LOC8054333,1,-0.126720534455163
LOC8155374,1,-0.126710652478955
LOC8064551,1,-0.126695694451873
LOC8155467,1,-0.126663393800318
LOC8065083,1,-0.126589340964918
LOC8057862,1,-0.126561287866196
LOC8061069,2,-0.126515610968259
LOC8074127,1,-0.126488612482244
LOC8074128,1,-0.126488612482244
LOC8060031,1,-0.126485060782238
LOC8063219,2,-0.1264829050699035
LOC8063628,1,-0.126406877975449
LOC8070702,1,-0.126384839954033
LOC8077885,1,-0.126333213691497
LOC8056042,1,-0.126305205764359
LOC8073421,1,-0.126302534321944
LOC8071806,1,-0.126278348798102
LOC8066522,1,-0.126269704723459
LOC110430145,1,-0.126263313423349
LOC8085800,1,-0.126257545407826
LOC8072777,1,-0.126243287352518
LOC8075151,2,-0.126242958450968
LOC8079535,1,-0.126210357009056
LOC8084313,1,-0.126210357009056
LOC8081848,1,-0.126181289006082
LOC110433006,1,-0.126127219212754
LOC8062122,1,-0.126115726211485
LOC8072045,1,-0.126055808336081
LOC8067775,1,-0.126008724956723
LOC8068413,1,-0.125988949282685
LOC8078880,1,-0.125986706153333
LOC8084659,1,-0.125951107090988
LOC8084658,1,-0.125951107090988
LOC8059904,1,-0.125845835197618
LOC110430865,1,-0.125836552207893
LOC8062951,1,-0.125699862598063
LOC8084731,1,-0.125657759692988
LOC8084798,2,-0.1256224976409325
LOC110429613,2,-0.1256224976409325
LOC8076392,1,-0.125537666422525
LOC8071638,1,-0.125526226904894
LOC8068076,1,-0.125515581947243
LOC110437600,1,-0.125498024821983
LOC110432847,1,-0.125484514005559
LOC8074745,1,-0.125462398314819
LOC8074744,1,-0.125462398314819
LOC8061351,1,-0.125297079356491
LOC8073002,2,-0.1252970504405095
LOC110436209,1,-0.125291242450196
LOC110433272,1,-0.125244804735663
LOC8068599,1,-0.125207580263084
LOC8074367,1,-0.125187193877754
LOC110435085,1,-0.125160712099629
LOC8056089,2,-0.1251075456616425
LOC8068562,1,-0.125086998250803
LOC8068262,1,-0.125084136613142
LOC8062290,1,-0.125039983954952
LOC8067024,1,-0.125032682863189
LOC8077626,1,-0.125007694400784
LOC8062821,1,-0.125001238046565
LOC8064171,2,-0.1249934954731885
LOC8057099,1,-0.124963161357439
LOC8061706,1,-0.124889411694585
LOC8063944,1,-0.124699483466199
LOC8054322,1,-0.124654435454986
LOC8059039,1,-0.124547435719477
LOC8062948,2,-0.1245293880534865
LOC8078933,1,-0.124461906173398
LOC8085200,1,-0.124418766410598
LOC110433931,1,-0.124392531349357
LOC8070332,1,-0.124327759054637
LOC8071070,1,-0.124280561156536
LOC8055676,2,-0.1242432565803755
LOC8086136,1,-0.12421528619439
LOC8062760,1,-0.124145866607492
LOC8081016,1,-0.124145866607492
LOC8070451,1,-0.123995620982035
LOC8079073,1,-0.123995620982035
LOC8077136,1,-0.123967053118201
LOC8083139,1,-0.123962476711658
LOC110436798,1,-0.12390906473598
LOC8055220,1,-0.123896286535067
LOC8058271,1,-0.123873005994536
LOC8070806,1,-0.123866865039363
LOC8065711,1,-0.123791214018056
LOC110429946,1,-0.123714414692842
LOC8079608,2,-0.123681675791379
LOC110436576,1,-0.123579162140483
LOC8064914,1,-0.123578726686737
LOC8075366,1,-0.123541190755108
LOC110434818,1,-0.123517510652639
LOC8055418,2,-0.123495471863265
LOC8079576,1,-0.123427149327309
LOC8054990,1,-0.12341658038697
LOC8062682,1,-0.123359476786264
LOC8084346,1,-0.123349186057251
LOC110437324,2,-0.123341665950087
LOC8055174,2,-0.123341665950087
LOC8056418,2,-0.12332553589661449
LOC8076542,1,-0.123296657941882
LOC8061889,1,-0.123251843191628
LOC8080933,1,-0.123189788641281
LOC110434186,1,-0.123176697742391
LOC110431093,1,-0.123128149450139
LOC8076394,1,-0.123128149450139
LOC8074746,1,-0.123114371424037
LOC8066834,1,-0.123114371424037
LOC8059909,2,-0.1231010558316025
LOC8080262,1,-0.12308556323244
LOC110435152,1,-0.123082894480312
LOC8072020,1,-0.123066377971078
LOC8069388,1,-0.123019140648265
LOC110431051,2,-0.1229988960996455
LOC110431050,2,-0.1229988960996455
LOC110434913,1,-0.122917128394689
LOC110434445,1,-0.122861110843892
LOC8071057,2,-0.1228159478950715
LOC8084076,1,-0.122781380102698
LOC110432399,1,-0.122769900983779
LOC110433302,2,-0.122683893619362
LOC110437610,1,-0.122672437724794
LOC8084296,1,-0.122646874645282
LOC8057829,2,-0.122646007674252
LOC8058431,1,-0.122521997852792
LOC8073315,1,-0.122477523037224
LOC8058984,1,-0.122463189748023
LOC8064188,1,-0.12246013573393
LOC8066581,1,-0.122414422121731
LOC8076635,1,-0.122376859752329
LOC8055511,1,-0.122366035165871
LOC8155497,1,-0.122350343130401
LOC110431112,1,-0.122314644188695
LOC8080547,1,-0.12230596062617
LOC110435603,1,-0.12230596062617
LOC110429607,1,-0.122301354485599
LOC8066239,1,-0.122289950962299
LOC8068431,1,-0.122239210267397
LOC8068221,1,-0.122220165323807
LOC110437625,1,-0.122080256731736
LOC8070658,1,-0.122026711009628
LOC8077324,1,-0.122016190906464
LOC8064686,2,-0.121934464370275
LOC8058112,2,-0.12192502909623551
LOC8071993,1,-0.121908759725929
LOC8056382,1,-0.121891113516353
LOC8058021,1,-0.121807178237431
LOC8066569,2,-0.121785306724477
LOC8056749,1,-0.121739881549398
LOC8064291,1,-0.121509952392604
LOC110429551,1,-0.121445689563352
LOC8055016,1,-0.121422782731816
LOC110432712,1,-0.121365907095431
LOC110430199,1,-0.121298430576648
LOC8054138,1,-0.121186405919449
LOC110435340,4,-0.121169288924907
LOC8058498,1,-0.121126574421618
LOC8058147,1,-0.121058358540545
LOC8075165,1,-0.121040660486198
LOC8072940,1,-0.121035803876193
LOC8071290,1,-0.120919952702265
LOC110434060,1,-0.120903847567628
LOC8067804,1,-0.120829523946175
LOC8074378,1,-0.120826320401364
LOC8075171,1,-0.120812007637663
LOC8073321,1,-0.120720236913535
LOC110435447,1,-0.120659250128477
LOC8060437,1,-0.120537699901265
LOC8073030,1,-0.12042890195086
LOC8065824,1,-0.120268479933607
LOC110435469,2,-0.1201493971239455
LOC110436466,2,-0.1201428811703175
LOC8076393,1,-0.120132793063499
LOC8070307,2,-0.12011331748380999
LOC8057503,1,-0.119990460141189
LOC110430587,1,-0.119984318291993
LOC8069010,1,-0.119983826810063
LOC8055731,1,-0.119969593758012
LOC8072800,1,-0.119934903293531
TRNAI-AAU,1,-0.119876084961396
LOC8062694,1,-0.119819042245262
LOC8082906,1,-0.119808687249221
LOC8072843,1,-0.119743418703539
LOC8069538,1,-0.119691545303447
LOC8080967,1,-0.119687591601919
TRNAG-GCC,1,-0.119687591601919
LOC110436313,1,-0.119682662349791
LOC8058418,1,-0.119678685609168
LOC110431300,1,-0.119626845134753
LOC110432948,1,-0.119521757528617
LOC110432995,1,-0.119482339310878
LOC8069970,1,-0.119387331336116
LOC8059626,1,-0.119363577795952
LOC110433160,1,-0.11935439460894
LOC8062186,1,-0.119354343446418
LOC8062104,1,-0.119245180718927
LOC8072608,1,-0.11916601738764
LOC8070001,1,-0.119114740459706
LOC8066642,1,-0.11908930792658
LOC110433284,2,-0.1190251688448495
LOC8056223,1,-0.119018047279581
LOC8080990,2,-0.1190162730507735
LOC8061293,1,-0.119000074744123
LOC8059516,1,-0.118913594094682
LOC8079116,1,-0.118846464126137
LOC8073709,1,-0.118807507243808
LOC110437140,1,-0.118779444155882
LOC8080586,1,-0.118768352641557
LOC8075829,1,-0.11872470816561
LOC8059526,1,-0.118704255874768
LOC8057649,1,-0.118598795230715
LOC110436661,1,-0.118533150684849
LOC8061893,1,-0.118502370163043
LOC8079938,1,-0.11846606059306
LOC110433079,1,-0.11846606059306
LOC8081872,1,-0.118460382933396
LOC8067025,2,-0.1183843321977385
LOC8077285,1,-0.118203943237089
LOC110431830,1,-0.118155475681199
LOC110437272,1,-0.118089724687505
LOC8069288,1,-0.118056496469189
LOC8063726,1,-0.118037852016049
LOC110437329,1,-0.118017337410513
LOC8054716,1,-0.117928256068113
LOC110430298,1,-0.117881059593816
LOC8073204,1,-0.117839108072042
LOC110437492,1,-0.117586263973774
LOC8055727,1,-0.117585392020793
LOC8077963,1,-0.117279640176658
LOC8064126,1,-0.117190879463297
LOC110433423,1,-0.117117202321178
LOC8063996,1,-0.116752493515579
LOC110434997,1,-0.116637059365859
LOC110432960,1,-0.116624496450184
LOC110431082,1,-0.116447173237294
LOC8079658,3,-0.11638559948919734
LOC8059523,1,-0.116384481011628
LOC8082116,1,-0.116275290745313
LOC8084024,1,-0.116178364885492
LOC110437563,1,-0.116178364885492
LOC8055420,2,-0.116130500729861
LOC8070279,1,-0.11606903830804
LOC8080793,1,-0.116059650656815
LOC8062496,1,-0.11601377368478
LOC8061032,2,-0.115991911709945
LOC8063685,2,-0.1159388404762385
LOC8064911,1,-0.115868601942297
LOC8062987,1,-0.115821228887553
LOC8064282,1,-0.115628585733866
LOC8086204,1,-0.115617029688464
LOC8085911,1,-0.115617029688464
LOC8065547,1,-0.115326135613996
LOC8085582,1,-0.115263386898172
LOC8058468,1,-0.114397162878693
LOC110435319,1,-0.11413076176907
LOC8074805,1,-0.114078340795378
LOC110436204,1,-0.114077613822381
LOC8074786,1,-0.113842807045716
LOC8075180,1,-0.113637118331234
LOC8084031,1,-0.113629444590055
LOC8079114,1,-0.113610164129667
LOC110434016,2,-0.113591177694176
LOC110434406,1,-0.113558217656623
LOC8076481,1,-0.113547812745707
LOC8055064,1,-0.113363592849529
LOC8059153,1,-0.113308436066421
LOC110433526,1,-0.11325843988066
LOC8077160,1,-0.11315640307656
LOC8077159,1,-0.11315640307656
LOC110429787,1,-0.113120420318663
LOC8070914,1,-0.112986602043975
LOC8076972,1,-0.112879474000519
LOC110429984,1,-0.112756517715246
LOC110431343,1,-0.112738917163316
LOC8063971,1,-0.112726694507486
LOC8056882,1,-0.112718338007935
LOC8077315,1,-0.112595919270788
LOC8085056,1,-0.1122493821066
LOC8059380,1,-0.111763496358348
LOC110429796,1,-0.111630712680684
LOC8077100,1,-0.111630712680684
LOC8082932,1,-0.111449489872281
LOC110431886,1,-0.111391606864032
LOC8083458,1,-0.111288173593787
LOC8064789,1,-0.111284447421373
LOC110435952,1,-0.111094911516815
LOC8077044,1,-0.111056159790309
LOC8058405,1,-0.110992562771884
LOC8061153,1,-0.11094293529804
LOC8077112,1,-0.110941145429589
LOC8082190,1,-0.110570393234957
LOC8064935,1,-0.110363226555893
LOC110434583,2,-0.109851850591659
LOC110432330,1,-0.109779232691432
LOC8074898,1,-0.109412141397102
LOC110437689,1,-0.109412141397102
LOC8081078,1,-0.108790375875067
LOC110429871,1,-0.100657124334734
LOC8081341,1,-0.0937527247495943
LOC110437321,1,-0.0937527247495943
LOC110436682,1,-0.0933541771002814
LOC8054135,1,-0.0713866029203706
LOC8064631,1,-0.0693482960688536
LOC8066900,1,-0.0571970860981426
LOC8054324,1,-0.0548119452959835
LOC8070256,1,-0.0482605425218443
LOC110432699,1,-0.0439721355997648
LOC8069272,1,-0.0427095390478661
LOC8072593,1,-0.04196704892218
LOC8062639,1,-0.0381727781255644
LOC8155742,1,-0.0350552461753161
LOC110431795,1,-0.0270128057444499
LOC8054790,1,-0.0102832102175058
LOC110434467,1,-0.0088487776179972
LOC8056081,1,-0.0088487776179972
LOC110432786,1,-0.0009572940907177
